Codigo Pais;deaths month;deaths cumulative month;Cases month;cases cumulative month;month;year;year-month
ARM;0;0;0;0;1;2020;2020-1
AUT;0;0;0;0;1;2020;2020-1
AZE;0;0;0;0;1;2020;2020-1
BEL;0;0;0;0;1;2020;2020-1
BGR;0;0;0;0;1;2020;2020-1
BLR;0;0;0;0;1;2020;2020-1
CHE;0;0;0;0;1;2020;2020-1
CYP;0;0;0;0;1;2020;2020-1
CZE;0;0;0;0;1;2020;2020-1
DEU;0;0;1;2;1;2020;2020-1
DNK;0;0;35;45;1;2020;2020-1
ESP;0;0;3;3;1;2020;2020-1
EST;0;0;0;0;1;2020;2020-1
FIN;0;0;0;0;1;2020;2020-1
FRA;0;0;3;3;1;2020;2020-1
GBR;0;0;1;1;1;2020;2020-1
GEO;0;0;0;0;1;2020;2020-1
GRC;0;0;0;0;1;2020;2020-1
HRV;0;0;0;0;1;2020;2020-1
HUN;0;0;0;0;1;2020;2020-1
IRL;0;0;0;0;1;2020;2020-1
ISL;0;0;0;0;1;2020;2020-1
ITA;0;0;0;0;1;2020;2020-1
LIE;0;0;0;0;1;2020;2020-1
LTU;0;0;0;0;1;2020;2020-1
LUX;0;0;0;0;1;2020;2020-1
LVA;0;0;0;0;1;2020;2020-1
MCO;0;0;0;0;1;2020;2020-1
MKD;0;0;0;0;1;2020;2020-1
MLT;0;0;0;0;1;2020;2020-1
NLD;0;0;0;0;1;2020;2020-1
NOR;0;0;0;0;1;2020;2020-1
POL;0;0;0;0;1;2020;2020-1
PRT;0;0;0;0;1;2020;2020-1
ROU;0;0;0;0;1;2020;2020-1
RUS;0;0;0;0;1;2020;2020-1
SMR;0;0;0;0;1;2020;2020-1
SVK;0;0;0;0;1;2020;2020-1
SVN;0;0;0;0;1;2020;2020-1
SWE;0;0;0;0;1;2020;2020-1
ARM;0;0;0;0;2;2020;2020-2
AUT;0;0;0;0;2;2020;2020-2
AZE;0;0;0;0;2;2020;2020-2
BEL;0;0;3;3;2;2020;2020-2
BGR;0;0;0;0;2;2020;2020-2
BLR;0;0;0;0;2;2020;2020-2
CHE;0;0;0;0;2;2020;2020-2
CYP;0;0;0;0;2;2020;2020-2
CZE;0;0;0;0;2;2020;2020-2
DEU;0;0;29;31;2;2020;2020-2
DNK;0;0;50;95;2;2020;2020-2
ESP;1;1;16;19;2;2020;2020-2
EST;0;0;0;0;2;2020;2020-2
FIN;0;0;1;1;2;2020;2020-2
FRA;1;1;13;16;2;2020;2020-2
GBR;0;0;14;15;2;2020;2020-2
GEO;0;0;0;0;2;2020;2020-2
GRC;0;0;0;0;2;2020;2020-2
HRV;0;0;0;0;2;2020;2020-2
HUN;0;0;0;0;2;2020;2020-2
IRL;0;0;0;0;2;2020;2020-2
ISL;0;0;15;15;2;2020;2020-2
ITA;3;3;178;178;2;2020;2020-2
LIE;0;0;0;0;2;2020;2020-2
LTU;0;0;0;0;2;2020;2020-2
LUX;0;0;0;0;2;2020;2020-2
LVA;0;0;0;0;2;2020;2020-2
MCO;0;0;0;0;2;2020;2020-2
MKD;0;0;0;0;2;2020;2020-2
MLT;0;0;0;0;2;2020;2020-2
NLD;0;0;0;0;2;2020;2020-2
NOR;0;0;1;1;2;2020;2020-2
POL;0;0;0;0;2;2020;2020-2
PRT;0;0;1;1;2;2020;2020-2
ROU;0;0;0;0;2;2020;2020-2
RUS;0;0;2;2;2;2020;2020-2
SMR;0;0;0;0;2;2020;2020-2
SVK;0;0;0;0;2;2020;2020-2
SVN;0;0;0;0;2;2020;2020-2
SWE;0;0;0;0;2;2020;2020-2
ALB;10;10;210;212;3;2020;2020-3
AND;6;6;329;334;3;2020;2020-3
ARM;3;3;482;482;3;2020;2020-3
AUT;134;134;9196;9196;3;2020;2020-3
AZE;4;4;209;209;3;2020;2020-3
BEL;978;978;15481;15484;3;2020;2020-3
BGR;8;8;346;346;3;2020;2020-3
BIH;9;9;334;352;3;2020;2020-3
BLR;0;0;94;94;3;2020;2020-3
CHE;257;257;14274;14274;3;2020;2020-3
CYP;9;9;289;289;3;2020;2020-3
CZE;23;23;2826;2826;3;2020;2020-3
DEU;712;712;63864;63895;3;2020;2020-3
DNK;84;84;2686;2781;3;2020;2020-3
ESP;8576;8577;108919;108938;3;2020;2020-3
EST;73;73;5955;5955;3;2020;2020-3
FIN;13;13;1455;1456;3;2020;2020-3
FRA;2715;2716;40162;40178;3;2020;2020-3
FRO;0;0;156;159;3;2020;2020-3
GBR;3179;3179;29356;29371;3;2020;2020-3
GEO;0;0;90;90;3;2020;2020-3
GGY;0;0;28;45;3;2020;2020-3
GIB;0;0;50;65;3;2020;2020-3
GRC;42;42;1324;1324;3;2020;2020-3
HRV;5;5;650;650;3;2020;2020-3
HUN;15;15;444;444;3;2020;2020-3
IMN;0;0;40;42;3;2020;2020-3
IRL;77;77;2640;2640;3;2020;2020-3
ISL;2;2;1147;1162;3;2020;2020-3
ITA;13627;13630;104807;104985;3;2020;2020-3
JEY;2;2;48;63;3;2020;2020-3
LIE;0;0;65;65;3;2020;2020-3
LTU;18;18;0;0;3;2020;2020-3
LUX;17;17;1839;1839;3;2020;2020-3
LVA;0;0;347;347;3;2020;2020-3
MCO;0;0;35;35;3;2020;2020-3
MDA;2;2;240;263;3;2020;2020-3
MKD;6;6;259;259;3;2020;2020-3
MLT;0;0;148;148;3;2020;2020-3
MNE;1;1;64;85;3;2020;2020-3
NLD;1077;1077;10742;10742;3;2020;2020-3
NOR;20;20;4633;4634;3;2020;2020-3
POL;22;22;1862;1862;3;2020;2020-3
PRT;150;150;5446;5447;3;2020;2020-3
ROU;83;83;2010;2010;3;2020;2020-3
RUS;8;8;1532;1534;3;2020;2020-3
SMR;24;24;229;229;3;2020;2020-3
SRB;13;13;686;741;3;2020;2020-3
SVK;1;1;348;348;3;2020;2020-3
SVN;13;13;757;757;3;2020;2020-3
SWE;239;239;3943;3943;3;2020;2020-3
TUR;131;131;9253;9271;3;2020;2020-3
UKR;9;9;415;418;3;2020;2020-3
VAT;0;0;5;6;3;2020;2020-3
XKX;1;1;85;98;3;2020;2020-3
ALB;18;28;514;726;4;2020;2020-4
AND;34;40;406;740;4;2020;2020-4
ARM;26;29;1326;1808;4;2020;2020-4
AUT;468;602;6086;15282;4;2020;2020-4
AZE;17;21;1436;1645;4;2020;2020-4
BEL;6412;7390;34535;50019;4;2020;2020-4
BGR;48;56;954;1300;4;2020;2020-4
BIH;50;59;1164;1516;4;2020;2020-4
BLR;72;72;10369;10463;4;2020;2020-4
CHE;1079;1336;14704;28978;4;2020;2020-4
CYP;12;21;539;828;4;2020;2020-4
CZE;201;224;4591;7417;4;2020;2020-4
DEU;5921;6633;92889;156784;4;2020;2020-4
DNK;48;132;6353;9134;4;2020;2020-4
ESP;16569;25146;110839;219777;4;2020;2020-4
EST;48;121;935;6890;4;2020;2020-4
FIN;176;189;3279;4735;4;2020;2020-4
FRA;11477;14193;84240;124418;4;2020;2020-4
FRO;0;0;28;187;4;2020;2020-4
GBR;23079;26258;127575;156946;4;2020;2020-4
GEO;6;6;396;486;4;2020;2020-4
GGY;13;13;202;247;4;2020;2020-4
GIB;0;0;76;141;4;2020;2020-4
GRC;92;134;1236;2560;4;2020;2020-4
HRV;50;55;1373;2023;4;2020;2020-4
HUN;269;284;2132;2576;4;2020;2020-4
IMN;18;18;265;307;4;2020;2020-4
IRL;906;983;16483;19123;4;2020;2020-4
ISL;8;10;644;1806;4;2020;2020-4
ITA;15165;28795;96799;201784;4;2020;2020-4
JEY;17;19;218;281;4;2020;2020-4
LIE;1;1;17;82;4;2020;2020-4
LTU;35;53;155;155;4;2020;2020-4
LUX;58;75;1060;2899;4;2020;2020-4
LVA;13;13;466;813;4;2020;2020-4
MCO;1;1;30;65;4;2020;2020-4
MDA;94;96;3145;3408;4;2020;2020-4
MKD;55;61;1127;1386;4;2020;2020-4
MLT;4;4;297;445;4;2020;2020-4
MNE;6;7;236;321;4;2020;2020-4
NLD;3835;4912;26824;37566;4;2020;2020-4
NOR;173;193;2952;7586;4;2020;2020-4
POL;511;533;9692;11554;4;2020;2020-4
PRT;856;1006;16937;22384;4;2020;2020-4
ROU;585;668;9631;11641;4;2020;2020-4
RUS;739;747;79415;80949;4;2020;2020-4
SMR;17;41;309;538;4;2020;2020-4
SRB;143;156;7301;8042;4;2020;2020-4
SVK;20;21;1015;1363;4;2020;2020-4
SVN;77;90;646;1403;4;2020;2020-4
SWE;2318;2557;14924;18867;4;2020;2020-4
TUR;2674;2805;100859;110130;4;2020;2020-4
UKR;200;209;8199;8617;4;2020;2020-4
VAT;0;0;3;9;4;2020;2020-4
XKX;19;20;666;764;4;2020;2020-4
ALB;5;33;411;1137;5;2020;2020-5
AND;11;51;24;764;5;2020;2020-5
ARM;110;139;7684;9492;5;2020;2020-5
AUT;93;695;1371;16653;5;2020;2020-5
AZE;42;63;3849;5494;5;2020;2020-5
BEL;1933;9323;10871;60890;5;2020;2020-5
BGR;84;140;1213;2513;5;2020;2020-5
BIH;94;153;994;2510;5;2020;2020-5
BLR;163;235;32093;42556;5;2020;2020-5
CHE;320;1656;1801;30779;5;2020;2020-5
CYP;5;26;123;951;5;2020;2020-5
CZE;94;318;1886;9303;5;2020;2020-5
DEU;2146;8779;25250;182034;5;2020;2020-5
DNK;51;183;2836;11970;5;2020;2020-5
ESP;4025;29171;26870;246647;5;2020;2020-5
EST;14;135;222;7112;5;2020;2020-5
FIN;124;313;1905;6640;5;2020;2020-5
FRA;4325;18518;22262;146680;5;2020;2020-5
FRO;0;0;0;187;5;2020;2020-5
GBR;11961;38219;99496;256442;5;2020;2020-5
GEO;6;12;297;783;5;2020;2020-5
GGY;0;13;5;252;5;2020;2020-5
GIB;0;0;28;169;5;2020;2020-5
GRC;45;179;401;2961;5;2020;2020-5
HRV;48;103;216;2239;5;2020;2020-5
HUN;244;528;1311;3887;5;2020;2020-5
IMN;6;24;29;336;5;2020;2020-5
IRL;439;1422;5842;24965;5;2020;2020-5
ISL;0;10;14;1820;5;2020;2020-5
ITA;5419;34214;31684;233468;5;2020;2020-5
JEY;10;29;27;308;5;2020;2020-5
LIE;0;1;0;82;5;2020;2020-5
LTU;24;77;343;498;5;2020;2020-5
LUX;15;90;55;2954;5;2020;2020-5
LVA;12;25;253;1066;5;2020;2020-5
MCO;0;1;2;67;5;2020;2020-5
MDA;199;295;4843;8251;5;2020;2020-5
MKD;72;133;840;2226;5;2020;2020-5
MLT;5;9;170;615;5;2020;2020-5
MNE;2;9;3;324;5;2020;2020-5
NLD;1139;6051;8630;46196;5;2020;2020-5
NOR;43;236;852;8438;5;2020;2020-5
POL;530;1063;12230;23784;5;2020;2020-5
PRT;426;1432;10525;32909;5;2020;2020-5
ROU;619;1287;8014;19655;5;2020;2020-5
RUS;3946;4693;324894;405843;5;2020;2020-5
SMR;1;42;133;671;5;2020;2020-5
SRB;87;243;3370;11412;5;2020;2020-5
SVK;13;34;136;1499;5;2020;2020-5
SVN;23;113;70;1473;5;2020;2020-5
SWE;2064;4621;19793;38660;5;2020;2020-5
TUR;1735;4540;53812;163942;5;2020;2020-5
UKR;499;708;15055;23672;5;2020;2020-5
VAT;0;0;3;12;5;2020;2020-5
XKX;10;30;319;1083;5;2020;2020-5
ALB;22;55;1265;2402;6;2020;2020-6
AND;1;52;91;855;6;2020;2020-6
ARM;294;433;15635;25127;6;2020;2020-6
AUT;36;731;982;17635;6;2020;2020-6
AZE;135;198;10930;16424;6;2020;2020-6
BEL;246;9569;2793;63683;6;2020;2020-6
BGR;76;216;2112;4625;6;2020;2020-6
BIH;30;183;1696;4206;6;2020;2020-6
BLR;148;383;18919;61475;6;2020;2020-6
CHE;25;1681;755;31534;6;2020;2020-6
CYP;3;29;49;1000;6;2020;2020-6
CZE;28;346;2347;11650;6;2020;2020-6
DEU;304;9083;12046;194080;6;2020;2020-6
DNK;30;213;1044;13014;6;2020;2020-6
ESP;583;29754;9964;256611;6;2020;2020-6
EST;2;137;120;7232;6;2020;2020-6
FIN;12;325;228;6868;6;2020;2020-6
FRA;885;19403;13588;160268;6;2020;2020-6
FRO;0;0;0;187;6;2020;2020-6
GBR;2434;40653;26988;283430;6;2020;2020-6
GEO;3;15;143;926;6;2020;2020-6
GGY;0;13;0;252;6;2020;2020-6
GIB;0;0;8;177;6;2020;2020-6
GRC;12;191;488;3449;6;2020;2020-6
HRV;4;107;445;2684;6;2020;2020-6
HUN;57;585;258;4145;6;2020;2020-6
IMN;0;24;0;336;6;2020;2020-6
IRL;64;1486;447;25412;6;2020;2020-6
ISL;0;10;14;1834;6;2020;2020-6
ITA;1100;35314;7038;240506;6;2020;2020-6
JEY;2;31;11;319;6;2020;2020-6
LIE;0;1;0;82;6;2020;2020-6
LTU;1;78;140;638;6;2020;2020-6
LUX;2;92;182;3136;6;2020;2020-6
LVA;5;30;50;1116;6;2020;2020-6
MCO;0;1;3;70;6;2020;2020-6
MDA;235;530;7999;16250;6;2020;2020-6
MKD;153;286;3866;6092;6;2020;2020-6
MLT;0;9;52;667;6;2020;2020-6
MNE;2;11;157;481;6;2020;2020-6
NLD;131;6182;3718;49914;6;2020;2020-6
NOR;13;249;419;8857;6;2020;2020-6
POL;375;1438;10123;33907;6;2020;2020-6
PRT;139;1571;9285;42194;6;2020;2020-6
ROU;361;1648;7390;27045;6;2020;2020-6
RUS;4380;9073;228594;634437;6;2020;2020-6
SMR;0;42;27;698;6;2020;2020-6
SRB;27;270;2634;14046;6;2020;2020-6
SVK;0;34;149;1648;6;2020;2020-6
SVN;0;113;111;1584;6;2020;2020-6
SWE;818;5439;27672;66332;6;2020;2020-6
TUR;557;5097;33297;197239;6;2020;2020-6
UKR;421;1129;19310;42982;6;2020;2020-6
VAT;0;0;0;12;6;2020;2020-6
XKX;19;49;1594;2677;6;2020;2020-6
ALB;83;138;2361;4763;7;2020;2020-7
AND;0;52;42;897;7;2020;2020-7
ARM;278;711;12263;37390;7;2020;2020-7
AUT;11;742;2892;20527;7;2020;2020-7
AZE;219;417;13626;30050;7;2020;2020-7
BEL;67;9636;5215;68898;7;2020;2020-7
BGR;122;338;5687;10312;7;2020;2020-7
BIH;104;287;6109;10315;7;2020;2020-7
BLR;151;534;5657;67132;7;2020;2020-7
CHE;19;1700;2791;34325;7;2020;2020-7
CYP;0;29;65;1065;7;2020;2020-7
CZE;26;372;3712;15362;7;2020;2020-7
DEU;135;9218;12092;206172;7;2020;2020-7
DNK;9;222;808;13822;7;2020;2020-7
ESP;151;29905;32693;289304;7;2020;2020-7
EST;0;137;42;7274;7;2020;2020-7
FIN;6;331;164;7032;7;2020;2020-7
FRA;456;19859;18991;179259;7;2020;2020-7
FRO;0;0;4;191;7;2020;2020-7
GBR;658;41311;17853;301283;7;2020;2020-7
GEO;1;16;211;1137;7;2020;2020-7
GGY;0;13;0;252;7;2020;2020-7
GIB;0;0;8;185;7;2020;2020-7
GRC;11;202;881;4330;7;2020;2020-7
HRV;29;136;2166;4850;7;2020;2020-7
HUN;11;596;303;4448;7;2020;2020-7
IMN;0;24;0;336;7;2020;2020-7
IRL;17;1503;462;25874;7;2020;2020-7
ISL;0;10;34;1868;7;2020;2020-7
ITA;329;35643;6183;246689;7;2020;2020-7
JEY;0;31;13;332;7;2020;2020-7
LIE;0;1;4;86;7;2020;2020-7
LTU;1;79;203;841;7;2020;2020-7
LUX;2;94;1727;4863;7;2020;2020-7
LVA;1;31;103;1219;7;2020;2020-7
MCO;0;1;11;81;7;2020;2020-7
MDA;205;735;6784;23034;7;2020;2020-7
MKD;174;460;3994;10086;7;2020;2020-7
MLT;0;9;30;697;7;2020;2020-7
MNE;29;40;2088;2569;7;2020;2020-7
NLD;32;6214;2954;52868;7;2020;2020-7
NOR;6;255;279;9136;7;2020;2020-7
POL;233;1671;9158;43065;7;2020;2020-7
PRT;153;1724;8845;51039;7;2020;2020-7
ROU;600;2248;20686;47731;7;2020;2020-7
RUS;4196;13269;178048;812485;7;2020;2020-7
SMR;0;42;1;699;7;2020;2020-7
SRB;264;534;9684;23730;7;2020;2020-7
SVK;1;35;522;2170;7;2020;2020-7
SVN;5;118;504;2088;7;2020;2020-7
SWE;269;5708;9396;75728;7;2020;2020-7
TUR;516;5613;28861;226100;7;2020;2020-7
UKR;476;1605;21867;64849;7;2020;2020-7
VAT;0;0;0;12;7;2020;2020-7
XKX;120;169;4240;6917;7;2020;2020-7
ALB;142;280;4617;9380;8;2020;2020-8
AND;1;53;227;1124;8;2020;2020-8
ARM;166;877;6360;43750;8;2020;2020-8
AUT;19;761;6826;27353;8;2020;2020-8
AZE;114;531;6259;36309;8;2020;2020-8
BEL;193;9829;18424;87322;8;2020;2020-8
BGR;267;605;5852;16164;8;2020;2020-8
BIH;311;598;9478;19793;8;2020;2020-8
BLR;142;676;4555;71687;8;2020;2020-8
CHE;24;1724;7581;41906;8;2020;2020-8
CYP;1;30;429;1494;8;2020;2020-8
CZE;54;426;9034;24396;8;2020;2020-8
DEU;175;9393;37294;243466;8;2020;2020-8
DNK;11;233;3498;17320;8;2020;2020-8
ESP;1157;31062;202387;491691;8;2020;2020-8
EST;1;138;342;7616;8;2020;2020-8
FIN;11;342;710;7742;8;2020;2020-8
FRA;557;20416;105968;285227;8;2020;2020-8
FRO;0;0;220;411;8;2020;2020-8
GBR;349;41660;37610;338893;8;2020;2020-8
GEO;3;19;350;1487;8;2020;2020-8
GGY;0;13;0;252;8;2020;2020-8
GIB;0;0;100;285;8;2020;2020-8
GRC;63;265;6341;10671;8;2020;2020-8
HRV;48;184;5266;10116;8;2020;2020-8
HUN;21;617;1691;6139;8;2020;2020-8
IMN;0;24;0;336;8;2020;2020-8
IRL;9;1512;2920;28794;8;2020;2020-8
ISL;0;10;256;2124;8;2020;2020-8
ITA;227;35870;24883;271572;8;2020;2020-8
JEY;1;32;42;374;8;2020;2020-8
LIE;0;1;21;107;8;2020;2020-8
LTU;8;87;886;1727;8;2020;2020-8
LUX;13;107;1515;6378;8;2020;2020-8
LVA;3;34;174;1393;8;2020;2020-8
MCO;0;1;50;131;8;2020;2020-8
MDA;257;992;13666;36700;8;2020;2020-8
MKD;124;584;3841;13927;8;2020;2020-8
MLT;2;11;1162;1859;8;2020;2020-8
MNE;58;98;2221;4790;8;2020;2020-8
NLD;89;6303;17176;70044;8;2020;2020-8
NOR;9;264;1678;10814;8;2020;2020-8
POL;362;2033;23805;66870;8;2020;2020-8
PRT;103;1827;8399;59438;8;2020;2020-8
ROU;1506;3754;40989;88720;8;2020;2020-8
RUS;3824;17093;177841;990326;8;2020;2020-8
SMR;0;42;11;710;8;2020;2020-8
SRB;177;711;7635;31365;8;2020;2020-8
SVK;15;50;1724;3894;8;2020;2020-8
SVN;14;132;796;2884;8;2020;2020-8
SWE;81;5789;8509;84237;8;2020;2020-8
TUR;713;6326;271266;497366;8;2020;2020-8
UKR;922;2527;54225;119074;8;2020;2020-8
VAT;0;0;0;12;8;2020;2020-8
XKX;347;516;6417;13334;8;2020;2020-8
ALB;97;377;3879;13259;9;2020;2020-9
AND;0;53;712;1836;9;2020;2020-9
ARM;74;951;5650;49400;9;2020;2020-9
AUT;55;816;16132;43485;9;2020;2020-9
AZE;55;586;3714;40023;9;2020;2020-9
BEL;101;9930;31195;118517;9;2020;2020-9
BGR;184;789;3833;19997;9;2020;2020-9
BIH;219;817;7128;26921;9;2020;2020-9
BLR;142;818;5922;77609;9;2020;2020-9
CHE;54;1778;9958;51864;9;2020;2020-9
CYP;2;32;234;1728;9;2020;2020-9
CZE;201;627;40222;64618;9;2020;2020-9
DEU;171;9564;43743;287209;9;2020;2020-9
DNK;25;258;10270;27590;9;2020;2020-9
ESP;2929;33991;293119;784810;9;2020;2020-9
EST;0;138;898;8514;9;2020;2020-9
FIN;13;355;1727;9469;9;2020;2020-9
FRA;1647;22063;267537;552764;9;2020;2020-9
FRO;0;0;49;460;9;2020;2020-9
GBR;612;42272;119809;458702;9;2020;2020-9
GEO;9;28;4065;5552;9;2020;2020-9
GGY;0;13;4;256;9;2020;2020-9
GIB;0;0;94;379;9;2020;2020-9
GRC;122;387;7524;18195;9;2020;2020-9
HRV;88;272;6074;16190;9;2020;2020-9
HUN;142;759;18572;24711;9;2020;2020-9
IMN;0;24;4;340;9;2020;2020-9
IRL;34;1546;6550;35344;9;2020;2020-9
ISL;0;10;549;2673;9;2020;2020-9
ITA;433;36303;42682;314254;9;2020;2020-9
JEY;0;32;26;400;9;2020;2020-9
LIE;0;1;10;117;9;2020;2020-9
LTU;13;100;1583;3310;9;2020;2020-9
LUX;1;108;1699;8077;9;2020;2020-9
LVA;2;36;283;1676;9;2020;2020-9
MCO;0;1;79;210;9;2020;2020-9
MDA;295;1287;14175;50875;9;2020;2020-9
MKD;141;725;3702;17629;9;2020;2020-9
MLT;20;31;1117;2976;9;2020;2020-9
MNE;60;158;5523;10313;9;2020;2020-9
NLD;162;6465;41342;111386;9;2020;2020-9
NOR;6;270;3013;13827;9;2020;2020-9
POL;398;2431;20460;87330;9;2020;2020-9
PRT;136;1963;15749;75187;9;2020;2020-9
ROU;1186;4940;37312;126032;9;2020;2020-9
RUS;3231;20324;161112;1151438;9;2020;2020-9
SMR;0;42;17;727;9;2020;2020-9
SRB;36;747;2019;33384;9;2020;2020-9
SVK;48;98;5459;9353;9;2020;2020-9
SVN;21;153;2506;5390;9;2020;2020-9
SWE;48;5837;7923;92160;9;2020;2020-9
TUR;1671;7997;234327;731693;9;2020;2020-9
UKR;1432;3959;79560;198634;9;2020;2020-9
VAT;0;0;0;12;9;2020;2020-9
XKX;106;622;2138;15472;9;2020;2020-9
ALB;100;477;5898;19157;10;2020;2020-10
AND;16;69;2202;4038;10;2020;2020-10
ARM;245;1196;29410;78810;10;2020;2020-10
AUT;239;1055;41259;84744;10;2020;2020-10
AZE;85;671;9936;49959;10;2020;2020-10
BEL;965;10895;235362;353879;10;2020;2020-10
BGR;295;1084;17565;37562;10;2020;2020-10
BIH;269;1086;13972;40893;10;2020;2020-10
BLR;139;957;15214;92823;10;2020;2020-10
CHE;98;1876;51459;103323;10;2020;2020-10
CYP;3;35;1978;3706;10;2020;2020-10
CZE;1842;2469;193514;258132;10;2020;2020-10
DEU;845;10409;159007;446216;10;2020;2020-10
DNK;53;311;14603;42193;10;2020;2020-10
ESP;4340;38331;369837;1154647;10;2020;2020-10
EST;9;147;1153;9667;10;2020;2020-10
FIN;22;377;5174;14643;10;2020;2020-10
FRA;4590;26653;653365;1206129;10;2020;2020-10
FRO;0;0;30;490;10;2020;2020-10
GBR;3591;45863;474744;933446;10;2020;2020-10
GEO;187;215;24751;30303;10;2020;2020-10
GGY;0;13;9;265;10;2020;2020-10
GIB;0;0;288;667;10;2020;2020-10
GRC;197;584;14511;32706;10;2020;2020-10
HRV;165;437;20183;36373;10;2020;2020-10
HUN;762;1521;36849;61560;10;2020;2020-10
IMN;0;24;8;348;10;2020;2020-10
IRL;94;1640;22507;57851;10;2020;2020-10
ISL;2;12;1853;4526;10;2020;2020-10
ITA;2177;38480;274205;588459;10;2020;2020-10
JEY;0;32;130;530;10;2020;2020-10
LIE;0;1;284;401;10;2020;2020-10
LTU;99;199;6460;9770;10;2020;2020-10
LUX;18;126;5869;13946;10;2020;2020-10
LVA;24;60;3002;4678;10;2020;2020-10
MCO;0;1;96;306;10;2020;2020-10
MDA;398;1685;20628;71503;10;2020;2020-10
MKD;194;919;9325;26954;10;2020;2020-10
MLT;20;51;2519;5495;10;2020;2020-10
MNE;108;266;6484;16797;10;2020;2020-10
NLD;907;7372;179019;290405;10;2020;2020-10
NOR;9;279;4528;18355;10;2020;2020-10
POL;2006;4437;166358;253688;10;2020;2020-10
PRT;393;2356;43433;118620;10;2020;2020-10
ROU;2028;6968;92405;218437;10;2020;2020-10
RUS;5726;26050;362439;1513877;10;2020;2020-10
SMR;0;42;92;819;10;2020;2020-10
SRB;45;792;6102;39486;10;2020;2020-10
SVK;323;421;36023;45376;10;2020;2020-10
SVN;134;287;18723;24113;10;2020;2020-10
SWE;98;5935;22695;114855;10;2020;2020-10
TUR;1802;9799;235808;967501;10;2020;2020-10
UKR;2432;6391;144855;343489;10;2020;2020-10
VAT;0;0;14;26;10;2020;2020-10
XKX;41;663;2471;17943;10;2020;2020-10
ALB;321;798;18468;37625;11;2020;2020-11
AND;7;76;2674;6712;11;2020;2020-11
ARM;968;2164;56314;135124;11;2020;2020-11
AUT;2548;3603;196155;280899;11;2020;2020-11
AZE;690;1361;68236;118195;11;2020;2020-11
BEL;5844;16739;226130;580009;11;2020;2020-11
BGR;2665;3749;104185;141747;11;2020;2020-11
BIH;1534;2620;46381;87274;11;2020;2020-11
BLR;194;1151;42185;135008;11;2020;2020-11
CHE;2360;4236;213694;317017;11;2020;2020-11
CYP;36;71;7085;10791;11;2020;2020-11
CZE;6014;8483;261643;519775;11;2020;2020-11
DEU;8734;19143;616148;1062364;11;2020;2020-11
DNK;127;438;28483;70676;11;2020;2020-11
ESP;10533;48864;530759;1685406;11;2020;2020-11
EST;42;189;7861;17528;11;2020;2020-11
FIN;72;449;10101;24744;11;2020;2020-11
FRA;26239;52892;1012250;2218379;11;2020;2020-11
FRO;0;0;12;502;11;2020;2020-11
GBR;14238;60101;728339;1661785;11;2020;2020-11
GEO;1052;1267;105281;135584;11;2020;2020-11
GGY;0;13;21;286;11;2020;2020-11
GIB;5;5;347;1014;11;2020;2020-11
GRC;1863;2447;75507;108213;11;2020;2020-11
HRV;1275;1712;90232;126605;11;2020;2020-11
HUN;3431;4952;155560;217120;11;2020;2020-11
IMN;1;25;21;369;11;2020;2020-11
IRL;215;1855;14588;72439;11;2020;2020-11
ISL;14;26;877;5403;11;2020;2020-11
ITA;21206;59686;1067729;1656188;11;2020;2020-11
JEY;0;32;398;928;11;2020;2020-11
LIE;16;17;865;1266;11;2020;2020-11
LTU;792;991;50377;60147;11;2020;2020-11
LUX;149;275;19551;33497;11;2020;2020-11
LVA;173;233;12297;16975;11;2020;2020-11
MCO;1;2;302;608;11;2020;2020-11
MDA;605;2290;35514;107017;11;2020;2020-11
MKD;812;1731;34589;61543;11;2020;2020-11
MLT;82;133;4254;9749;11;2020;2020-11
MNE;221;487;18084;34881;11;2020;2020-11
NLD;2276;9648;227120;517525;11;2020;2020-11
NOR;49;328;17869;36224;11;2020;2020-11
POL;12589;17026;708644;962332;11;2020;2020-11
PRT;2161;4517;160780;279400;11;2020;2020-11
ROU;6098;13066;262155;480592;11;2020;2020-11
RUS;13477;39527;755439;2269316;11;2020;2020-11
SMR;3;45;767;1586;11;2020;2020-11
SRB;757;1549;129728;169214;11;2020;2020-11
SVK;1422;1843;67344;112720;11;2020;2020-11
SVN;1280;1567;51758;75871;11;2020;2020-11
SWE;1223;7158;142702;257557;11;2020;2020-11
TUR;3759;13558;432928;1400429;11;2020;2020-11
UKR;5822;12213;379190;722679;11;2020;2020-11
VAT;0;0;0;26;11;2020;2020-11
XKX;342;1005;21114;39057;11;2020;2020-11
ALB;395;1193;21813;59438;12;2020;2020-12
AND;8;84;1480;8192;12;2020;2020-12
ARM;700;2864;25096;160220;12;2020;2020-12
AUT;2916;6519;84877;365776;12;2020;2020-12
AZE;1372;2733;102070;220265;12;2020;2020-12
BEL;3009;19748;71426;651435;12;2020;2020-12
BGR;3895;7644;61133;202880;12;2020;2020-12
BIH;1511;4131;25371;112645;12;2020;2020-12
BLR;300;1451;64954;199962;12;2020;2020-12
CHE;3002;7238;142643;459660;12;2020;2020-12
CYP;99;170;13743;24534;12;2020;2020-12
CZE;3978;12461;227357;747132;12;2020;2020-12
DEU;24839;43982;721288;1783652;12;2020;2020-12
DNK;545;983;58157;128833;12;2020;2020-12
ESP;6532;55396;335127;2020533;12;2020;2020-12
EST;134;323;17212;34740;12;2020;2020-12
FIN;202;651;11482;36226;12;2020;2020-12
FRA;19312;72204;420025;2638404;12;2020;2020-12
FRO;0;0;118;620;12;2020;2020-12
GBR;18757;78858;1178143;2839928;12;2020;2020-12
GEO;1361;2628;94179;229763;12;2020;2020-12
GGY;0;13;14;300;12;2020;2020-12
GIB;3;8;1392;2406;12;2020;2020-12
GRC;2555;5002;33699;141912;12;2020;2020-12
HRV;2360;4072;86346;212951;12;2020;2020-12
HUN;5610;10562;111692;328812;12;2020;2020-12
IMN;0;25;5;374;12;2020;2020-12
IRL;231;2086;35468;107907;12;2020;2020-12
ISL;3;29;413;5816;12;2020;2020-12
ITA;19671;79357;554726;2210914;12;2020;2020-12
JEY;12;44;1893;2821;12;2020;2020-12
LIE;26;43;955;2221;12;2020;2020-12
LTU;1532;2523;86661;146808;12;2020;2020-12
LUX;186;461;12425;45922;12;2020;2020-12
LVA;495;728;25522;42497;12;2020;2020-12
MCO;1;3;299;907;12;2020;2020-12
MDA;747;3037;38856;145873;12;2020;2020-12
MKD;799;2530;22481;84024;12;2020;2020-12
MLT;87;220;3330;13079;12;2020;2020-12
MNE;202;689;14314;49195;12;2020;2020-12
NLD;2518;12166;302165;819690;12;2020;2020-12
NOR;108;436;15311;51535;12;2020;2020-12
POL;12153;29179;332541;1294873;12;2020;2020-12
PRT;2706;7223;131925;411325;12;2020;2020-12
ROU;5390;18456;166129;646721;12;2020;2020-12
RUS;19461;58988;990822;3260138;12;2020;2020-12
SMR;17;62;907;2493;12;2020;2020-12
SRB;1776;3325;174656;343870;12;2020;2020-12
SVK;2264;4107;158846;271566;12;2020;2020-12
SVN;1560;3127;50090;125961;12;2020;2020-12
SWE;2927;10085;205102;462659;12;2020;2020-12
TUR;7930;21488;841483;2241912;12;2020;2020-12
UKR;6641;18854;351414;1074093;12;2020;2020-12
VAT;0;0;0;26;12;2020;2020-12
XKX;339;1344;12908;51965;12;2020;2020-12
ALB;187;1380;18689;78127;1;2021;2021-1
AND;17;101;1745;9937;1;2021;2021-1
ARM;220;3084;6868;167088;1;2021;2021-1
AUT;1296;7815;45257;411033;1;2021;2021-1
AZE;399;3132;9954;230219;1;2021;2021-1
BEL;1394;21142;57801;709236;1;2021;2021-1
BGR;1384;9028;15738;218618;1;2021;2021-1
BIH;574;4705;9441;122086;1;2021;2021-1
BLR;267;1718;48374;248336;1;2021;2021-1
CHE;1441;8679;62868;522528;1;2021;2021-1
CYP;84;254;6416;30950;1;2021;2021-1
CZE;4409;16870;241120;988252;1;2021;2021-1
DEU;20144;64126;438086;2221738;1;2021;2021-1
DNK;751;1734;27199;156032;1;2021;2021-1
ESP;11120;66516;841744;2862277;1;2021;2021-1
EST;171;494;15054;49794;1;2021;2021-1
FIN;130;781;8650;44876;1;2021;2021-1
FRA;14971;87175;511294;3149698;1;2021;2021-1
FRO;1;1;34;654;1;2021;2021-1
GBR;31503;110361;1073261;3913189;1;2021;2021-1
GEO;566;3194;28588;258351;1;2021;2021-1
GGY;0;13;239;539;1;2021;2021-1
GIB;69;77;1708;4114;1;2021;2021-1
GRC;823;5825;17006;158918;1;2021;2021-1
HRV;955;5027;19468;232419;1;2021;2021-1
HUN;2613;13175;39855;368667;1;2021;2021-1
IMN;0;25;58;432;1;2021;2021-1
IRL;1373;3459;89394;197301;1;2021;2021-1
ISL;0;29;213;6029;1;2021;2021-1
ITA;12549;91906;384832;2595746;1;2021;2021-1
JEY;22;66;331;3152;1;2021;2021-1
LIE;10;53;278;2499;1;2021;2021-1
LTU;685;3208;31856;178664;1;2021;2021-1
LUX;96;557;3843;49765;1;2021;2021-1
LVA;635;1363;23742;66239;1;2021;2021-1
MCO;10;13;582;1489;1;2021;2021-1
MDA;401;3438;13931;159804;1;2021;2021-1
MKD;325;2855;8669;92693;1;2021;2021-1
MLT;47;267;4821;17900;1;2021;2021-1
MNE;116;805;12464;61659;1;2021;2021-1
NLD;2171;14337;157881;977571;1;2021;2021-1
NOR;121;557;11857;63392;1;2021;2021-1
POL;8115;37294;192508;1487381;1;2021;2021-1
PRT;5566;12789;278565;689890;1;2021;2021-1
ROU;2586;21042;84791;731512;1;2021;2021-1
RUS;14631;73619;607949;3868087;1;2021;2021-1
SMR;5;67;532;3025;1;2021;2021-1
SRB;695;4020;51393;395263;1;2021;2021-1
SVK;2473;6580;142917;414483;1;2021;2021-1
SVN;728;3855;40960;166921;1;2021;2021-1
SWE;2144;12229;112257;574916;1;2021;2021-1
TUR;4505;25993;235551;2477463;1;2021;2021-1
UKR;4080;22934;149786;1223879;1;2021;2021-1
VAT;0;0;0;26;1;2021;2021-1
XKX;154;1498;8253;60218;1;2021;2021-1
ALB;416;1796;29040;107167;2;2021;2021-2
AND;9;110;952;10889;2;2021;2021-2
ARM;111;3195;5128;172216;2;2021;2021-2
AUT;698;8513;44406;455439;2;2021;2021-2
AZE;91;3223;4443;234662;2;2021;2021-2
BEL;956;22098;59428;768664;2;2021;2021-2
BGR;1139;10167;28088;246706;2;2021;2021-2
BIH;391;5096;10052;132138;2;2021;2021-2
BLR;267;1985;39931;288267;2;2021;2021-2
CHE;556;9235;32312;554840;2;2021;2021-2
CYP;45;299;3562;34512;2;2021;2021-2
CZE;4163;21033;252995;1241247;2;2021;2021-2
DEU;9939;74065;224215;2445953;2;2021;2021-2
DNK;236;1970;13462;169494;2;2021;2021-2
ESP;8799;75315;295435;3157712;2;2021;2021-2
EST;173;667;22078;71872;2;2021;2021-2
FIN;106;887;12558;57434;2;2021;2021-2
FRA;11931;99106;497414;3647112;2;2021;2021-2
FRO;0;1;4;658;2;2021;2021-2
GBR;14062;124423;343202;4256391;2;2021;2021-2
GEO;326;3520;12567;270918;2;2021;2021-2
GGY;1;14;282;821;2;2021;2021-2
GIB;16;93;125;4239;2;2021;2021-2
GRC;727;6552;35885;194803;2;2021;2021-2
HRV;499;5526;10547;242966;2;2021;2021-2
HUN;2314;15489;64205;432872;2;2021;2021-2
IMN;0;25;54;486;2;2021;2021-2
IRL;893;4352;22855;220156;2;2021;2021-2
ISL;0;29;47;6076;2;2021;2021-2
ITA;8828;100734;378577;2974323;2;2021;2021-2
JEY;3;69;65;3217;2;2021;2021-2
LIE;2;55;80;2579;2;2021;2021-2
LTU;314;3522;13925;192589;2;2021;2021-2
LUX;85;642;5158;54923;2;2021;2021-2
LVA;405;1768;19945;86184;2;2021;2021-2
MCO;11;24;467;1956;2;2021;2021-2
MDA;511;3949;25649;185453;2;2021;2021-2
MKD;282;3137;10094;102787;2;2021;2021-2
MLT;48;315;4579;22479;2;2021;2021-2
MNE;198;1003;14174;75833;2;2021;2021-2
NLD;1479;15816;110169;1087740;2;2021;2021-2
NOR;65;622;8723;72115;2;2021;2021-2
POL;6628;43922;195885;1683266;2;2021;2021-2
PRT;3555;16344;90362;780252;2;2021;2021-2
ROU;2214;23256;74626;806138;2;2021;2021-2
RUS;12836;86455;389563;4257650;2;2021;2021-2
SMR;7;74;691;3716;2;2021;2021-2
SRB;423;4443;63996;459259;2;2021;2021-2
SVK;2672;9252;143837;558320;2;2021;2021-2
SVN;317;4172;23504;190425;2;2021;2021-2
SWE;792;13021;91180;666096;2;2021;2021-2
TUR;2576;28569;224125;2701588;2;2021;2021-2
UKR;3116;26050;128255;1352134;2;2021;2021-2
VAT;0;0;0;26;2;2021;2021-2
XKX;101;1599;9012;69230;2;2021;2021-2
ALB;414;2210;16967;124134;3;2021;2021-3
AND;5;115;961;11850;3;2021;2021-3
ARM;281;3476;18525;190741;3;2021;2021-3
AUT;651;9164;77969;533408;3;2021;2021-3
AZE;290;3513;22668;257330;3;2021;2021-3
BEL;708;22806;101011;869675;3;2021;2021-3
BGR;2483;12650;81064;327770;3;2021;2021-3
BIH;1232;6328;32793;164931;3;2021;2021-3
BLR;234;2219;30414;318681;3;2021;2021-3
CHE;354;9589;39203;594043;3;2021;2021-3
CYP;26;325;9434;43946;3;2021;2021-3
CZE;5583;26616;277240;1518487;3;2021;2021-3
DEU;4974;79039;338809;2784762;3;2021;2021-3
DNK;53;2023;19224;188718;3;2021;2021-3
ESP;2800;78115;143069;3300781;3;2021;2021-3
EST;276;943;37606;109478;3;2021;2021-3
FIN;122;1009;18129;75563;3;2021;2021-3
FRA;8036;107142;683604;4330716;3;2021;2021-3
FRO;0;1;3;661;3;2021;2021-3
GBR;2841;127264;156729;4413120;3;2021;2021-3
GEO;231;3751;9383;280301;3;2021;2021-3
GGY;0;14;0;821;3;2021;2021-3
GIB;1;94;34;4273;3;2021;2021-3
GRC;1459;8011;65704;260507;3;2021;2021-3
HRV;367;5893;24249;267215;3;2021;2021-3
HUN;5608;21097;208191;641063;3;2021;2021-3
IMN;1;26;1080;1566;3;2021;2021-3
IRL;239;4591;14826;234982;3;2021;2021-3
ISL;0;29;129;6205;3;2021;2021-3
ITA;10585;111319;593252;3567575;3;2021;2021-3
JEY;0;69;8;3225;3;2021;2021-3
LIE;1;56;88;2667;3;2021;2021-3
LTU;247;3769;14111;206700;3;2021;2021-3
LUX;131;773;6036;60959;3;2021;2021-3
LVA;249;2017;14854;101038;3;2021;2021-3
MCO;3;27;303;2259;3;2021;2021-3
MDA;878;4827;41068;226521;3;2021;2021-3
MKD;538;3675;24151;126938;3;2021;2021-3
MLT;72;387;6393;28872;3;2021;2021-3
MNE;242;1245;14250;90083;3;2021;2021-3
NLD;755;16571;163686;1251426;3;2021;2021-3
NOR;34;656;22350;94465;3;2021;2021-3
POL;8154;52076;556066;2239332;3;2021;2021-3
PRT;486;16830;25848;806100;3;2021;2021-3
ROU;3440;26696;137388;943526;3;2021;2021-3
RUS;11578;98033;270893;4528543;3;2021;2021-3
SMR;5;79;640;4356;3;2021;2021-3
SRB;747;5190;126247;585506;3;2021;2021-3
SVK;2278;11530;104370;662690;3;2021;2021-3
SVN;186;4358;22702;213127;3;2021;2021-3
SWE;523;13544;127206;793302;3;2021;2021-3
TUR;2507;31076;506585;3208173;3;2021;2021-3
UKR;6082;32132;300275;1652409;3;2021;2021-3
VAT;0;0;0;26;3;2021;2021-3
XKX;241;1840;18751;87981;3;2021;2021-3
ALB;168;2378;6403;130537;4;2021;2021-4
AND;9;124;1233;13083;4;2021;2021-4
ARM;564;4040;22728;213469;4;2021;2021-4
AUT;785;9949;70274;603682;4;2021;2021-4
AZE;889;4402;56482;313812;4;2021;2021-4
BEL;1077;23883;102860;972535;4;2021;2021-4
BGR;3209;15859;69330;397100;4;2021;2021-4
BIH;1935;8263;30860;195791;4;2021;2021-4
BLR;283;2502;35165;353846;4;2021;2021-4
CHE;326;9915;54804;648847;4;2021;2021-4
CYP;65;390;17509;61455;4;2021;2021-4
CZE;2813;29429;103555;1622042;4;2021;2021-4
DEU;6062;85101;515326;3300088;4;2021;2021-4
DNK;61;2084;16903;205621;4;2021;2021-4
ESP;2220;80335;220444;3521225;4;2021;2021-4
EST;198;1141;11031;120509;4;2021;2021-4
FIN;120;1129;9268;84831;4;2021;2021-4
FRA;8409;115551;838908;5169624;4;2021;2021-4
FRO;0;1;2;663;4;2021;2021-4
GBR;697;127961;76439;4489559;4;2021;2021-4
GEO;292;4043;23971;304272;4;2021;2021-4
GGY;0;14;1;822;4;2021;2021-4
GIB;0;94;10;4283;4;2021;2021-4
GRC;2112;10123;81045;341552;4;2021;2021-4
HRV;961;6854;55404;322619;4;2021;2021-4
HUN;5610;26707;130403;771466;4;2021;2021-4
IMN;3;29;21;1587;4;2021;2021-4
IRL;115;4706;12008;246990;4;2021;2021-4
ISL;0;29;211;6416;4;2021;2021-4
ITA;10771;122090;422168;3989743;4;2021;2021-4
JEY;0;69;8;3233;4;2021;2021-4
LIE;1;57;221;2888;4;2021;2021-4
LTU;290;4059;26154;232854;4;2021;2021-4
LUX;57;830;5668;66627;4;2021;2021-4
LVA;247;2264;14276;115314;4;2021;2021-4
MCO;5;32;180;2439;4;2021;2021-4
MDA;903;5730;22618;249139;4;2021;2021-4
MKD;1002;4677;23650;150588;4;2021;2021-4
MLT;26;413;1299;30171;4;2021;2021-4
MNE;220;1465;6577;96660;4;2021;2021-4
NLD;582;17153;208745;1460171;4;2021;2021-4
NOR;80;736;16894;111359;4;2021;2021-4
POL;13588;65664;494376;2733708;4;2021;2021-4
PRT;122;16952;17221;823321;4;2021;2021-4
ROU;4617;31313;105579;1049105;4;2021;2021-4
RUS;10555;108588;242829;4771372;4;2021;2021-4
SMR;11;90;699;5055;4;2021;2021-4
SRB;1037;6227;94161;679667;4;2021;2021-4
SVK;1202;12732;44684;707374;4;2021;2021-4
SVN;206;4564;24224;237351;4;2021;2021-4
SWE;547;14091;156592;949894;4;2021;2021-4
TUR;7282;38358;1421796;4629969;4;2021;2021-4
UKR;10386;42518;377924;2030333;4;2021;2021-4
VAT;0;0;0;26;4;2021;2021-4
XKX;289;2129;16061;104042;4;2021;2021-4
ALB;72;2450;1772;132309;5;2021;2021-5
AND;3;127;644;13727;5;2021;2021-5
ARM;398;4438;9201;222670;5;2021;2021-5
AUT;445;10394;34610;638292;5;2021;2021-5
AZE;505;4907;20052;333864;5;2021;2021-5
BEL;876;24759;85585;1058120;5;2021;2021-5
BGR;1798;17657;21121;418221;5;2021;2021-5
BIH;952;9215;8187;203978;5;2021;2021-5
BLR;349;2851;40593;394439;5;2021;2021-5
CHE;290;10205;42789;691636;5;2021;2021-5
CYP;71;461;10094;71549;5;2021;2021-5
CZE;920;30349;41188;1663230;5;2021;2021-5
DEU;5823;90924;379252;3679340;5;2021;2021-5
DNK;41;2125;30589;236210;5;2021;2021-5
ESP;1737;82072;192848;3714073;5;2021;2021-5
EST;105;1246;8896;129405;5;2021;2021-5
FIN;103;1232;6445;91276;5;2021;2021-5
FRA;6679;122230;489097;5658721;5;2021;2021-5
FRO;0;1;55;718;5;2021;2021-5
GBR;344;128305;86530;4576089;5;2021;2021-5
GEO;730;4773;39691;343963;5;2021;2021-5
GGY;0;14;1;823;5;2021;2021-5
GIB;0;94;10;4293;5;2021;2021-5
GRC;1978;12101;68492;410044;5;2021;2021-5
HRV;1160;8014;33515;356134;5;2021;2021-5
HUN;1882;28589;33153;804619;5;2021;2021-5
IMN;0;29;6;1593;5;2021;2021-5
IRL;51;4757;14796;261786;5;2021;2021-5
ISL;1;30;156;6572;5;2021;2021-5
ITA;5826;127916;239447;4229190;5;2021;2021-5
JEY;0;69;10;3243;5;2021;2021-5
LIE;1;58;128;3016;5;2021;2021-5
LTU;294;4353;30562;263416;5;2021;2021-5
LUX;41;871;3919;70546;5;2021;2021-5
LVA;295;2559;17782;133096;5;2021;2021-5
MCO;0;32;65;2504;5;2021;2021-5
MDA;374;6104;6006;255145;5;2021;2021-5
MKD;736;5413;4684;155272;5;2021;2021-5
MLT;6;419;359;30530;5;2021;2021-5
MNE;118;1583;2945;99605;5;2021;2021-5
NLD;505;17658;186287;1646458;5;2021;2021-5
NOR;47;783;14004;125363;5;2021;2021-5
POL;8384;74048;110428;2844136;5;2021;2021-5
PRT;59;17011;18232;841553;5;2021;2021-5
ROU;2602;33915;29425;1078530;5;2021;2021-5
RUS;12913;121501;300545;5071917;5;2021;2021-5
SMR;0;90;35;5090;5;2021;2021-5
SRB;627;6854;32557;712224;5;2021;2021-5
SVK;472;13204;19879;727253;5;2021;2021-5
SVN;150;4714;16462;253813;5;2021;2021-5
SWE;450;14541;121042;1070936;5;2021;2021-5
TUR;9047;47405;612942;5242911;5;2021;2021-5
UKR;8018;50536;172161;2202494;5;2021;2021-5
VAT;0;0;0;26;5;2021;2021-5
XKX;115;2244;3363;107405;5;2021;2021-5
ALB;6;2456;203;132512;6;2021;2021-6
AND;0;127;155;13882;6;2021;2021-6
ARM;72;4510;2181;224851;6;2021;2021-6
AUT;82;10476;5790;644082;6;2021;2021-6
AZE;61;4968;1972;335836;6;2021;2021-6
BEL;198;24957;19748;1077868;6;2021;2021-6
BGR;370;18027;3294;421515;6;2021;2021-6
BIH;425;9640;1006;204984;6;2021;2021-6
BLR;271;3122;21341;415780;6;2021;2021-6
CHE;84;10289;7983;699619;6;2021;2021-6
CYP;21;482;2587;74136;6;2021;2021-6
CZE;88;30437;5430;1668660;6;2021;2021-6
DEU;1149;92073;46888;3726228;6;2021;2021-6
DNK;16;2141;11472;247682;6;2021;2021-6
ESP;599;82671;106051;3820124;6;2021;2021-6
EST;16;1262;1439;130844;6;2021;2021-6
FIN;47;1279;2709;93985;6;2021;2021-6
FRA;1588;123818;108552;5767273;6;2021;2021-6
FRO;0;1;54;772;6;2021;2021-6
GBR;362;128667;286378;4862467;6;2021;2021-6
GEO;502;5275;19911;363874;6;2021;2021-6
GGY;0;14;12;835;6;2021;2021-6
GIB;0;94;52;4345;6;2021;2021-6
GRC;589;12690;18069;428113;6;2021;2021-6
HRV;186;8200;3511;359645;6;2021;2021-6
HUN;192;28781;3504;808123;6;2021;2021-6
IMN;0;29;18;1611;6;2021;2021-6
IRL;18;4775;9159;270945;6;2021;2021-6
ISL;0;30;66;6638;6;2021;2021-6
ITA;1050;128966;40580;4269770;6;2021;2021-6
JEY;0;69;213;3456;6;2021;2021-6
LIE;1;59;21;3037;6;2021;2021-6
LTU;64;4417;4042;267458;6;2021;2021-6
LUX;9;880;846;71392;6;2021;2021-6
LVA;124;2683;4112;137208;6;2021;2021-6
MCO;1;33;67;2571;6;2021;2021-6
MDA;80;6184;1414;256559;6;2021;2021-6
MKD;71;5484;401;155673;6;2021;2021-6
MLT;1;420;73;30603;6;2021;2021-6
MNE;26;1609;585;100190;6;2021;2021-6
NLD;102;17760;36413;1682871;6;2021;2021-6
NOR;9;792;5609;130972;6;2021;2021-6
POL;1253;75301;7266;2851402;6;2021;2021-6
PRT;63;17074;27124;868677;6;2021;2021-6
ROU;348;34263;2934;1081464;6;2021;2021-6
RUS;12392;133893;401024;5472941;6;2021;2021-6
SMR;0;90;2;5092;6;2021;2021-6
SRB;177;7031;4077;716301;6;2021;2021-6
SVK;83;13287;3357;730610;6;2021;2021-6
SVN;49;4763;3527;257340;6;2021;2021-6
SWE;87;14628;18319;1089255;6;2021;2021-6
TUR;2171;49576;166116;5409027;6;2021;2021-6
UKR;1759;52295;31787;2234281;6;2021;2021-6
VAT;0;0;0;26;6;2021;2021-6
XKX;14;2258;334;107739;6;2021;2021-6
ALB;0;2456;345;132857;7;2021;2021-7
AND;0;127;695;14577;7;2021;2021-7
ARM;80;4590;4059;228910;7;2021;2021-7
AUT;20;10496;6452;650534;7;2021;2021-7
AZE;38;5006;4607;340443;7;2021;2021-7
BEL;48;25005;31512;1109380;7;2021;2021-7
BGR;166;18193;2114;423629;7;2021;2021-7
BIH;35;9675;498;205482;7;2021;2021-7
BLR;281;3403;25576;441356;7;2021;2021-7
CHE;43;10332;11618;711237;7;2021;2021-7
CYP;32;514;25964;100100;7;2021;2021-7
CZE;16;30453;5343;1674003;7;2021;2021-7
DEU;287;92360;31717;3757945;7;2021;2021-7
DNK;10;2151;19424;267106;7;2021;2021-7
ESP;733;83404;576892;4397016;7;2021;2021-7
EST;2;1264;1548;132392;7;2021;2021-7
FIN;44;1323;8053;102038;7;2021;2021-7
FRA;645;124463;215317;5982590;7;2021;2021-7
FRO;0;1;201;973;7;2021;2021-7
GBR;1282;129949;990641;5853108;7;2021;2021-7
GEO;439;5714;40149;404023;7;2021;2021-7
GGY;1;15;94;929;7;2021;2021-7
GIB;0;94;454;4799;7;2021;2021-7
GRC;229;12919;54857;482970;7;2021;2021-7
HRV;45;8245;2969;362614;7;2021;2021-7
HUN;27;28808;1220;809343;7;2021;2021-7
IMN;0;29;2583;4194;7;2021;2021-7
IRL;20;4795;22135;293080;7;2021;2021-7
ISL;0;30;659;7297;7;2021;2021-7
ITA;326;129292;64829;4334599;7;2021;2021-7
JEY;0;69;4403;7859;7;2021;2021-7
LIE;0;59;41;3078;7;2021;2021-7
LTU;17;4434;2272;269730;7;2021;2021-7
LUX;13;893;3235;74627;7;2021;2021-7
LVA;30;2713;1271;138479;7;2021;2021-7
MCO;0;33;214;2785;7;2021;2021-7
MDA;59;6243;2065;258624;7;2021;2021-7
MKD;7;5491;413;156086;7;2021;2021-7
MLT;1;421;3062;33665;7;2021;2021-7
MNE;15;1624;940;101130;7;2021;2021-7
NLD;61;17821;159997;1842868;7;2021;2021-7
NOR;7;799;5170;136142;7;2021;2021-7
POL;267;75568;2546;2853948;7;2021;2021-7
PRT;218;17292;83287;951964;7;2021;2021-7
ROU;67;34330;1737;1083201;7;2021;2021-7
RUS;20708;154601;676839;6149780;7;2021;2021-7
SMR;0;90;24;5116;7;2021;2021-7
SRB;73;7104;3811;720112;7;2021;2021-7
SVK;20;13307;996;731606;7;2021;2021-7
SVN;10;4773;1414;258754;7;2021;2021-7
SWE;16;14644;7928;1097183;7;2021;2021-7
TUR;1303;50879;178351;5587378;7;2021;2021-7
UKR;554;52849;14382;2248663;7;2021;2021-7
VAT;0;0;0;26;7;2021;2021-7
XKX;7;2265;278;108017;7;2021;2021-7
ALB;36;2492;11990;144847;8;2021;2021-8
AND;3;130;455;15032;8;2021;2021-8
ARM;240;4830;12701;241611;8;2021;2021-8
AUT;55;10551;30320;680854;8;2021;2021-8
AZE;547;5553;77553;417996;8;2021;2021-8
BEL;139;25144;64824;1174204;8;2021;2021-8
BGR;512;18705;27519;451148;8;2021;2021-8
BIH;117;9792;7897;213379;8;2021;2021-8
BLR;365;3768;39008;480364;8;2021;2021-8
CHE;100;10432;62346;773583;8;2021;2021-8
CYP;120;634;15278;115378;8;2021;2021-8
CZE;30;30483;6299;1680302;8;2021;2021-8
DEU;477;92837;184062;3942007;8;2021;2021-8
DNK;38;2189;30452;297558;8;2021;2021-8
ESP;3406;86810;488329;4885345;8;2021;2021-8
EST;19;1283;9106;141498;8;2021;2021-8
FIN;98;1421;23246;125284;8;2021;2021-8
FRA;2759;127222;753251;6735841;8;2021;2021-8
FRO;1;2;27;1000;8;2021;2021-8
GBR;3436;133385;1069710;6922818;8;2021;2021-8
GEO;1537;7251;139095;543118;8;2021;2021-8
GGY;3;18;308;1237;8;2021;2021-8
GIB;3;97;539;5338;8;2021;2021-8
GRC;792;13711;104716;587686;8;2021;2021-8
HRV;80;8325;10570;373184;8;2021;2021-8
HUN;36;28844;2965;812308;8;2021;2021-8
IMN;0;29;2458;6652;8;2021;2021-8
IRL;81;4876;54336;347416;8;2021;2021-8
ISL;3;33;3401;10698;8;2021;2021-8
ITA;1158;130450;216276;4550875;8;2021;2021-8
JEY;8;77;1431;9290;8;2021;2021-8
LIE;0;59;187;3265;8;2021;2021-8
LTU;219;4653;16825;286555;8;2021;2021-8
LUX;7;900;2497;77124;8;2021;2021-8
LVA;28;2741;3838;142317;8;2021;2021-8
MCO;2;35;398;3183;8;2021;2021-8
MDA;151;6394;8364;266988;8;2021;2021-8
MKD;378;5869;19244;175330;8;2021;2021-8
MLT;19;440;2421;36086;8;2021;2021-8
MNE;92;1716;13234;114364;8;2021;2021-8
NLD;213;18034;93289;1936157;8;2021;2021-8
NOR;15;814;22245;158387;8;2021;2021-8
POL;106;75674;6201;2860149;8;2021;2021-8
PRT;424;17716;84044;1036008;8;2021;2021-8
ROU;289;34619;15529;1098730;8;2021;2021-8
RUS;27036;181637;733047;6882827;8;2021;2021-8
SMR;0;90;205;5321;8;2021;2021-8
SRB;162;7266;37505;757617;8;2021;2021-8
SVK;24;13331;2906;734512;8;2021;2021-8
SVN;21;4794;7987;266741;8;2021;2021-8
SWE;49;14693;27034;1124217;8;2021;2021-8
TUR;5334;56213;759503;6346881;8;2021;2021-8
UKR;889;53738;36277;2284940;8;2021;2021-8
VAT;0;0;0;26;8;2021;2021-8
XKX;212;2477;35586;143603;8;2021;2021-8
ALB;148;2640;23046;167893;9;2021;2021-9
AND;0;130;157;15189;9;2021;2021-9
ARM;421;5251;16934;258545;9;2021;2021-9
AUT;206;10757;50877;731731;9;2021;2021-9
AZE;904;6457;62847;480843;9;2021;2021-9
BEL;181;25325;55643;1229847;9;2021;2021-9
BGR;1744;20449;41217;492365;9;2021;2021-9
BIH;716;10508;18858;232237;9;2021;2021-9
BLR;334;4102;51785;532149;9;2021;2021-9
CHE;186;10618;59341;832924;9;2021;2021-9
CYP;45;679;4063;119441;9;2021;2021-9
CZE;36;30519;10706;1691008;9;2021;2021-9
DEU;1450;94287;261501;4203508;9;2021;2021-9
DNK;62;2251;10884;308442;9;2021;2021-9
ESP;1543;88353;89768;4975113;9;2021;2021-9
EST;58;1341;12423;153921;9;2021;2021-9
FIN;94;1515;12664;137948;9;2021;2021-9
FRA;2269;129491;257030;6992871;9;2021;2021-9
FRO;0;2;127;1127;9;2021;2021-9
GBR;3818;137203;954893;7877711;9;2021;2021-9
GEO;1593;8844;64037;607155;9;2021;2021-9
GGY;1;19;342;1579;9;2021;2021-9
GIB;0;97;176;5514;9;2021;2021-9
GRC;1016;14727;61552;649238;9;2021;2021-9
HRV;270;8595;26700;399884;9;2021;2021-9
HUN;132;28976;9033;821341;9;2021;2021-9
IMN;22;51;803;7455;9;2021;2021-9
IRL;162;5038;38195;385611;9;2021;2021-9
ISL;0;33;1014;11712;9;2021;2021-9
ITA;1528;131978;125876;4676751;9;2021;2021-9
JEY;1;78;698;9988;9;2021;2021-9
LIE;1;60;181;3446;9;2021;2021-9
LTU;439;5092;27516;314071;9;2021;2021-9
LUX;7;907;2462;79586;9;2021;2021-9
LVA;138;2879;12467;154784;9;2021;2021-9
MCO;0;35;120;3303;9;2021;2021-9
MDA;301;6695;22037;289025;9;2021;2021-9
MKD;725;6594;14557;189887;9;2021;2021-9
MLT;17;457;1001;37087;9;2021;2021-9
MNE;179;1895;15284;129648;9;2021;2021-9
NLD;143;18177;60007;1996164;9;2021;2021-9
NOR;36;850;29009;187396;9;2021;2021-9
POL;229;75903;15272;2875421;9;2021;2021-9
PRT;224;17940;34757;1070765;9;2021;2021-9
ROU;2140;36759;105471;1204201;9;2021;2021-9
RUS;22263;203900;538086;7420913;9;2021;2021-9
SMR;1;91;107;5428;9;2021;2021-9
SRB;785;8051;153449;911066;9;2021;2021-9
SVK;129;13460;16266;750778;9;2021;2021-9
SVN;110;4904;23327;290068;9;2021;2021-9
SWE;168;14861;25769;1149986;9;2021;2021-9
TUR;6725;62938;666758;7013639;9;2021;2021-9
UKR;1982;55720;110464;2395404;9;2021;2021-9
VAT;0;0;0;26;9;2021;2021-9
XKX;462;2939;16290;159893;9;2021;2021-9
ALB;284;2924;17407;185300;10;2021;2021-10
AND;0;130;327;15516;10;2021;2021-10
ARM;1128;6379;50852;309397;10;2021;2021-10
AUT;358;11115;99167;830898;10;2021;2021-10
AZE;617;7074;50527;531370;10;2021;2021-10
BEL;466;25791;145932;1375779;10;2021;2021-10
BGR;3469;23918;108670;601035;10;2021;2021-10
BIH;1099;11607;22111;254348;10;2021;2021-10
BLR;544;4646;69909;602058;10;2021;2021-10
CHE;199;10817;40486;873410;10;2021;2021-10
CYP;27;706;4234;123675;10;2021;2021-10
CZE;345;30864;76075;1767083;10;2021;2021-10
DEU;2714;97001;414585;4618093;10;2021;2021-10
DNK;72;2323;32716;341158;10;2021;2021-10
ESP;669;89022;58938;5034051;10;2021;2021-10
EST;190;1531;41481;195402;10;2021;2021-10
FIN;176;1691;19582;157530;10;2021;2021-10
FRA;1222;130713;171630;7164501;10;2021;2021-10
FRO;1;3;1085;2212;10;2021;2021-10
GBR;4687;141890;1415848;9293559;10;2021;2021-10
GEO;1245;10089;114233;721388;10;2021;2021-10
GGY;1;20;591;2170;10;2021;2021-10
GIB;1;98;478;5992;10;2021;2021-10
GRC;1286;16013;96989;746227;10;2021;2021-10
HRV;625;9220;70457;470341;10;2021;2021-10
HUN;853;29829;53369;874710;10;2021;2021-10
IMN;6;57;2283;9738;10;2021;2021-10
IRL;226;5264;62744;448355;10;2021;2021-10
ISL;1;34;2019;13731;10;2021;2021-10
ITA;1260;133238;114889;4791640;10;2021;2021-10
JEY;2;80;1165;11153;10;2021;2021-10
LIE;1;61;133;3579;10;2021;2021-10
LTU;983;6075;80323;394394;10;2021;2021-10
LUX;8;915;4491;84077;10;2021;2021-10
LVA;740;3619;64353;219137;10;2021;2021-10
MCO;1;36;113;3416;10;2021;2021-10
MDA;1095;7790;48743;337768;10;2021;2021-10
MKD;538;7132;12665;202552;10;2021;2021-10
MLT;4;461;565;37652;10;2021;2021-10
MNE;208;2103;14666;144314;10;2021;2021-10
NLD;318;18495;135490;2131654;10;2021;2021-10
NOR;50;900;20738;208134;10;2021;2021-10
POL;1441;77344;126503;3001924;10;2021;2021-10
PRT;208;18148;25601;1096366;10;2021;2021-10
ROU;12802;49561;455789;1659990;10;2021;2021-10
RUS;34638;238538;1092877;8513790;10;2021;2021-10
SMR;1;92;119;5547;10;2021;2021-10
SRB;1904;9955;231683;1142749;10;2021;2021-10
SVK;659;14119;88463;839241;10;2021;2021-10
SVN;265;5169;47174;337242;10;2021;2021-10
SWE;173;15034;23541;1173527;10;2021;2021-10
TUR;7472;70410;995401;8009040;10;2021;2021-10
UKR;12307;68027;540834;2936238;10;2021;2021-10
VAT;0;0;0;26;10;2021;2021-10
XKX;38;2977;874;160767;10;2021;2021-10
ALB;165;3089;14255;199555;11;2021;2021-11
AND;1;131;1599;17115;11;2021;2021-11
ARM;1156;7535;28723;338120;11;2021;2021-11
AUT;1110;12225;315287;1146185;11;2021;2021-11
AZE;733;7807;54413;585783;11;2021;2021-11
BEL;906;26697;370322;1746101;11;2021;2021-11
BGR;4125;28043;87593;688628;11;2021;2021-11
BIH;948;12555;19871;274219;11;2021;2021-11
BLR;421;5067;51265;653323;11;2021;2021-11
CHE;309;11126;132817;1006227;11;2021;2021-11
CYP;11;717;8531;132206;11;2021;2021-11
CZE;2219;33083;366698;2133781;11;2021;2021-11
DEU;7267;104268;1204053;5822146;11;2021;2021-11
DNK;158;2481;91716;432874;11;2021;2021-11
ESP;584;89606;141340;5175391;11;2021;2021-11
EST;180;1711;16157;211559;11;2021;2021-11
FIN;227;1918;26531;184061;11;2021;2021-11
FRA;1309;132022;437919;7602420;11;2021;2021-11
FRO;10;13;1341;3553;11;2021;2021-11
GBR;3971;145861;1117300;10410859;11;2021;2021-11
GEO;1885;11974;119205;840593;11;2021;2021-11
GGY;3;23;1762;3932;11;2021;2021-11
GIB;0;98;1187;7179;11;2021;2021-11
GRC;2033;18046;181742;927969;11;2021;2021-11
HRV;1539;10759;132968;603309;11;2021;2021-11
HUN;3769;33598;222089;1096799;11;2021;2021-11
IMN;9;66;1156;10894;11;2021;2021-11
IRL;191;5455;116192;564547;11;2021;2021-11
ISL;1;35;4035;17766;11;2021;2021-11
ITA;1647;134885;249306;5040946;11;2021;2021-11
JEY;1;81;2799;13952;11;2021;2021-11
LIE;0;61;987;4566;11;2021;2021-11
LTU;1400;7475;116827;511221;11;2021;2021-11
LUX;25;940;7384;91461;11;2021;2021-11
LVA;849;4468;33274;252411;11;2021;2021-11
MCO;0;36;322;3738;11;2021;2021-11
MDA;1279;9069;24665;362433;11;2021;2021-11
MKD;415;7547;12457;215009;11;2021;2021-11
MLT;7;468;1581;39233;11;2021;2021-11
MNE;182;2285;12559;156873;11;2021;2021-11
NLD;1108;19603;466758;2598412;11;2021;2021-11
NOR;150;1050;54845;262979;11;2021;2021-11
POL;6066;83410;490815;3492739;11;2021;2021-11
PRT;276;18424;52076;1148442;11;2021;2021-11
ROU;7447;57008;118775;1778765;11;2021;2021-11
RUS;35426;273964;1090443;9604233;11;2021;2021-11
SMR;1;93;432;5979;11;2021;2021-11
SRB;1633;11588;107644;1250393;11;2021;2021-11
SVK;1680;15799;221098;1060339;11;2021;2021-11
SVN;523;5692;81312;418554;11;2021;2021-11
SWE;109;15143;29887;1203414;11;2021;2021-11
TUR;5823;76233;715360;8724400;11;2021;2021-11
UKR;17387;85414;491589;3427827;11;2021;2021-11
VAT;0;0;0;26;11;2021;2021-11
XKX;6;2983;316;161083;11;2021;2021-11
ALB;77;3166;6222;205777;12;2021;2021-12
AND;6;137;3947;21062;12;2021;2021-12
ARM;368;7903;5588;343708;12;2021;2021-12
AUT;1101;13326;136816;1283001;12;2021;2021-12
AZE;392;8199;24535;610318;12;2021;2021-12
BEL;1283;27980;386309;2132410;12;2021;2021-12
BGR;2940;30983;59556;748184;12;2021;2021-12
BIH;633;13188;10914;285133;12;2021;2021-12
BLR;332;5399;32139;685462;12;2021;2021-12
CHE;401;11527;163741;1169968;12;2021;2021-12
CYP;56;773;39152;171358;12;2021;2021-12
CZE;3311;36394;350599;2484380;12;2021;2021-12
DEU;11626;115894;1402502;7224648;12;2021;2021-12
DNK;204;2685;347356;780230;12;2021;2021-12
ESP;2334;91940;1716264;6891655;12;2021;2021-12
EST;140;1851;21390;232949;12;2021;2021-12
FIN;369;2287;98493;282554;12;2021;2021-12
FRA;5258;137280;2675586;10278006;12;2021;2021-12
FRO;0;13;1182;4735;12;2021;2021-12
GBR;2434;148295;1406294;11817153;12;2021;2021-12
GEO;1142;13116;69863;910456;12;2021;2021-12
GGY;0;23;1885;5817;12;2021;2021-12
GIB;2;100;643;7822;12;2021;2021-12
GRC;2962;21008;355486;1283455;12;2021;2021-12
HRV;1850;12609;117635;720944;12;2021;2021-12
HUN;5038;38636;165560;1262359;12;2021;2021-12
IMN;1;67;2203;13097;12;2021;2021-12
IRL;154;5609;207944;772491;12;2021;2021-12
ISL;3;38;13293;31059;12;2021;2021-12
ITA;4433;139318;1525034;6565980;12;2021;2021-12
JEY;6;87;2535;16487;12;2021;2021-12
LIE;7;68;1672;6238;12;2021;2021-12
LTU;634;8109;55333;566554;12;2021;2021-12
LUX;42;982;17794;109255;12;2021;2021-12
LVA;419;4887;24608;277019;12;2021;2021-12
MCO;1;37;685;4423;12;2021;2021-12
MDA;424;9493;9767;372200;12;2021;2021-12
MKD;268;7815;6276;221285;12;2021;2021-12
MLT;11;479;15011;54244;12;2021;2021-12
MNE;90;2375;4122;160995;12;2021;2021-12
NLD;1489;21092;566175;3164587;12;2021;2021-12
NOR;255;1305;141366;404345;12;2021;2021-12
POL;14564;97974;612874;4105613;12;2021;2021-12
PRT;575;18999;289381;1437823;12;2021;2021-12
ROU;1963;58971;35073;1813838;12;2021;2021-12
RUS;24258;298222;610557;10214790;12;2021;2021-12
SMR;3;96;1181;7160;12;2021;2021-12
SRB;813;12401;32068;1282461;12;2021;2021-12
SVK;1817;17616;177312;1237651;12;2021;2021-12
SVN;458;6150;49082;467636;12;2021;2021-12
SWE;230;15373;144183;1347597;12;2021;2021-12
TUR;4011;80244;429809;9154209;12;2021;2021-12
UKR;7848;93262;182860;3610687;12;2021;2021-12
VAT;0;0;0;26;12;2021;2021-12
XKX;6;2989;182;161265;12;2021;2021-12
ALB;3;3346;38849;258543;1;2022;2022-1
AND;3;145;7975;35958;1;2022;2022-1
ARM;3;8053;21814;367795;1;2022;2022-1
AUT;4;13631;576584;1859585;1;2022;2022-1
AZE;3;8720;34721;656284;1;2022;2022-1
BEL;4;28655;1025167;3157577;1;2022;2022-1
BGR;4;33121;191028;939212;1;2022;2022-1
BIH;3;14447;46993;347467;1;2022;2022-1
BLR;3;6052;34022;742953;1;2022;2022-1
CHE;3;12285;664616;2211456;1;2022;2022-1
CYP;4;860;82713;254071;1;2022;2022-1
CZE;4;37292;528389;3012769;1;2022;2022-1
DEU;4;119871;2733491;9958139;1;2022;2022-1
DNK;4;3038;851346;1631576;1;2022;2022-1
ESP;4;97282;3313812;10205467;1;2022;2022-1
EST;4;1944;89520;322469;1;2022;2022-1
FIN;4;2751;222256;504810;1;2022;2022-1
FRA;4;144271;8671632;18949638;1;2022;2022-1
FRO;3;18;11169;19099;1;2022;2022-1
GEO;3;14980;213096;1175923;1;2022;2022-1
GGY;3;30;1443;11067;1;2022;2022-1
GIB;3;100;2957;12848;1;2022;2022-1
GRC;4;23526;646943;1930398;1;2022;2022-1
HRV;4;13777;214771;935715;1;2022;2022-1
HUN;4;40412;291122;1553481;1;2022;2022-1
IMN;3;71;2561;21262;1;2022;2022-1
IRL;4;5735;399605;1172096;1;2022;2022-1
ISL;4;46;36425;67484;1;2022;2022-1
ITA;4;148511;4522546;11088526;1;2022;2022-1
JEY;3;101;6582;30791;1;2022;2022-1
LIE;4;73;2692;8930;1;2022;2022-1
LTU;4;8413;177481;744035;1;2022;2022-1
LUX;4;1020;60342;169597;1;2022;2022-1
LVA;4;5225;111968;388987;1;2022;2022-1
MCO;3;47;2902;8359;1;2022;2022-1
MDA;3;10642;60408;440698;1;2022;2022-1
MKD;3;8383;34727;268191;1;2022;2022-1
MLT;4;547;13298;67542;1;2022;2022-1
MNE;3;2564;29496;219775;1;2022;2022-1
NLD;4;21347;1145564;4310151;1;2022;2022-1
NOR;4;1439;374183;778528;1;2022;2022-1
POL;4;105552;752280;4857893;1;2022;2022-1
PRT;4;19908;1277951;2715774;1;2022;2022-1
ROU;4;60318;412467;2226305;1;2022;2022-1
RUS;3;331349;1194398;11861077;1;2022;2022-1
SMR;3;109;3365;12883;1;2022;2022-1
SRB;3;13570;311851;1662446;1;2022;2022-1
SVK;4;18063;178279;1415930;1;2022;2022-1
SVN;4;6459;243405;711041;1;2022;2022-1
SWE;4;16218;811325;2158922;1;2022;2022-1
TUR;3;87045;1460024;11437585;1;2022;2022-1
UKR;3;100203;360053;4064495;1;2022;2022-1
VAT;3;0;0;26;1;2022;2022-1
XKX;3;3015;43025;205938;1;2022;2022-1
ALB;4;3464;12984;271527;2;2022;2022-2
AND;4;151;2041;37999;2;2022;2022-2
ARM;4;8461;52037;419832;2;2022;2022-2
AUT;4;14328;829474;2689059;2;2022;2022-2
AZE;4;9400;129017;785301;2;2022;2022-2
BEL;4;29706;395643;3553220;2;2022;2022-2
BGR;4;35458;148584;1087796;2;2022;2022-2
BIH;4;15459;23735;371202;2;2022;2022-2
BLR;4;6480;176783;919736;2;2022;2022-2
CHE;4;12651;578415;2789871;2;2022;2022-2
CYP;4;964;66353;320424;2;2022;2022-2
CZE;4;38707;562638;3575407;2;2022;2022-2
DEU;4;125357;4889422;14847561;2;2022;2022-2
DNK;4;3884;842709;2474285;2;2022;2022-2
ESP;4;101845;901540;11107007;2;2022;2022-2
EST;4;2139;156929;479398;2;2022;2022-2
FIN;4;3366;179048;683858;2;2022;2022-2
FRA;4;151883;3788320;22737958;2;2022;2022-2
FRO;4;28;15138;34237;2;2022;2022-2
GEO;4;16163;429549;1605472;2;2022;2022-2
GGY;4;31;2436;13503;2;2022;2022-2
GIB;4;101;2580;15428;2;2022;2022-2
GRC;4;25869;478392;2408790;2;2022;2022-2
HRV;4;15030;118874;1054589;2;2022;2022-2
HUN;4;42957;234144;1787625;2;2022;2022-2
IMN;4;80;1484;22746;2;2022;2022-2
IRL;4;5825;128610;1300706;2;2022;2022-2
ISL;4;62;54955;122439;2;2022;2022-2
ITA;4;156489;1771111;12859637;2;2022;2022-2
JEY;4;112;6708;37499;2;2022;2022-2
LIE;4;77;2959;11889;2;2022;2022-2
LTU;4;8900;468497;1212532;2;2022;2022-2
LUX;4;1094;28554;198151;2;2022;2022-2
LVA;4;5684;260515;649502;2;2022;2022-2
MCO;4;51;1052;9411;2;2022;2022-2
MDA;4;11216;61102;501800;2;2022;2022-2
MKD;4;9001;28890;297081;2;2022;2022-2
MLT;4;604;3687;71229;2;2022;2022-2
MNE;4;2676;10345;230120;2;2022;2022-2
NLD;4;21636;2022228;6332379;2;2022;2022-2
NOR;4;1598;469100;1247628;2;2022;2022-2
POL;4;111690;815387;5673280;2;2022;2022-2
PRT;4;21063;667581;3383355;2;2022;2022-2
ROU;4;63807;508658;2734963;2;2022;2022-2
RUS;4;351660;4536959;16398036;2;2022;2022-2
SMR;4;112;1486;14369;2;2022;2022-2
SRB;4;15199;245826;1908272;2;2022;2022-2
SVK;4;18741;490015;1905945;2;2022;2022-2
SVN;4;7135;181927;892968;2;2022;2022-2
SWE;4;17583;287875;2446797;2;2022;2022-2
TUR;4;94026;2536913;13974498;2;2022;2022-2
UKR;4;105881;767500;4831995;2;2022;2022-2
VAT;4;0;0;26;2;2022;2022-2
XKX;4;3114;20310;226248;2;2022;2022-2
ALB;4;3491;1905;273432;3;2022;2022-3
AND;4;153;1714;39713;3;2022;2022-3
ARM;4;8610;2636;422468;3;2022;2022-3
AUT;4;15354;1081125;3770184;3;2022;2022-3
AZE;4;9681;6449;791750;3;2022;2022-3
BEL;4;30251;252353;3805573;3;2022;2022-3
BGR;4;36429;45306;1133102;3;2022;2022-3
BIH;4;15706;3852;375054;3;2022;2022-3
BLR;4;6785;39540;959276;3;2022;2022-3
CHE;4;13000;664001;3453872;3;2022;2022-3
CYP;4;1036;90349;410773;3;2022;2022-3
CZE;4;39570;211952;3787359;3;2022;2022-3
DEU;4;131735;5701832;20549393;3;2022;2022-3
DNK;4;4601;261872;2736157;3;2022;2022-3
ESP;4;103452;455724;11562731;3;2022;2022-3
EST;4;2329;57847;537245;3;2022;2022-3
FIN;4;4248;199774;883632;3;2022;2022-3
FRA;4;155522;2283544;25021502;3;2022;2022-3
FRO;4;28;421;34658;3;2022;2022-3
GEO;4;16720;41073;1646545;3;2022;2022-3
GGY;4;31;7282;20785;3;2022;2022-3
GIB;4;101;1282;16710;3;2022;2022-3
GRC;4;27393;529484;2938274;3;2022;2022-3
HRV;4;15520;39463;1094052;3;2022;2022-3
HUN;4;44235;57036;1844661;3;2022;2022-3
IMN;4;82;5021;27767;3;2022;2022-3
IRL;4;5958;142964;1443670;3;2022;2022-3
ISL;4;90;57190;179629;3;2022;2022-3
ITA;4;160534;1649746;14509383;3;2022;2022-3
JEY;4;119;7647;45146;3;2022;2022-3
LIE;4;81;4105;15994;3;2022;2022-3
LTU;4;9113;133921;1346453;3;2022;2022-3
LUX;4;1162;31883;230034;3;2022;2022-3
LVA;4;6123;141116;790618;3;2022;2022-3
MCO;4;54;1119;10530;3;2022;2022-3
MDA;4;11417;10802;512602;3;2022;2022-3
MKD;4;9208;8033;305114;3;2022;2022-3
MLT;4;631;5867;77096;3;2022;2022-3
MNE;4;2699;2712;232832;3;2022;2022-3
NLD;4;22009;1421003;7753382;3;2022;2022-3
NOR;4;2339;151694;1399322;3;2022;2022-3
POL;4;115202;278543;5951823;3;2022;2022-3
PRT;4;21640;328142;3711497;3;2022;2022-3
ROU;4;65056;107854;2842817;3;2022;2022-3
RUS;4;367686;1385807;17783843;3;2022;2022-3
SMR;4;113;812;15181;3;2022;2022-3
SRB;4;15768;62555;1970827;3;2022;2022-3
SVK;4;19280;272644;2178589;3;2022;2022-3
SVN;4;7428;65530;958498;3;2022;2022-3
SWE;4;18411;38200;2484997;3;2022;2022-3
TUR;4;97800;826179;14800677;3;2022;2022-3
UKR;4;107861;127087;4959082;3;2022;2022-3
VAT;4;0;2;28;3;2022;2022-3
XKX;4;3132;1129;227377;3;2022;2022-3
ALB;4;3496;1396;274828;4;2022;2022-4
AND;4;153;1300;41013;4;2022;2022-4
ARM;4;8622;357;422825;4;2022;2022-4
AUT;4;16052;360765;4130949;4;2022;2022-4
AZE;4;9707;746;792496;4;2022;2022-4
BEL;4;30870;227193;4032766;4;2022;2022-4
BGR;4;36849;19790;1152892;4;2022;2022-4
BIH;4;15762;1787;376841;4;2022;2022-4
BLR;4;6928;18686;977962;4;2022;2022-4
CHE;4;13170;148617;3602489;4;2022;2022-4
CYP;4;1128;58690;469463;4;2022;2022-4
CZE;4;40060;105463;3892822;4;2022;2022-4
DEU;4;136950;3781759;24331152;4;2022;2022-4
DNK;4;5100;60064;2796221;4;2022;2022-4
ESP;4;104741;309928;11872659;4;2022;2022-4
EST;4;2415;18113;555358;4;2022;2022-4
FIN;4;5279;137337;1020969;4;2022;2022-4
FRA;4;159032;3318505;28340007;4;2022;2022-4
FRO;4;28;0;34658;4;2022;2022-4
GEO;4;16800;7768;1654313;4;2022;2022-4
GGY;4;43;3416;24201;4;2022;2022-4
GIB;4;102;996;17706;4;2022;2022-4
GRC;4;29000;348925;3287199;4;2022;2022-4
HRV;4;15782;23676;1117728;4;2022;2022-4
HUN;4;44965;49698;1894359;4;2022;2022-4
IMN;4;98;3899;31666;4;2022;2022-4
IRL;4;6171;70063;1513733;4;2022;2022-4
ISL;4;113;6387;186016;4;2022;2022-4
ITA;4;164538;1791962;16301345;4;2022;2022-4
JEY;4;124;4429;49575;4;2022;2022-4
LIE;4;81;989;16983;4;2022;2022-4
LTU;4;9174;45950;1392403;4;2022;2022-4
LUX;4;1233;27376;257410;4;2022;2022-4
LVA;4;6359;26695;817313;4;2022;2022-4
MCO;4;57;1102;11632;4;2022;2022-4
MDA;4;11487;4262;516864;4;2022;2022-4
MKD;4;9276;4094;309208;4;2022;2022-4
MLT;4;688;13496;90592;4;2022;2022-4
MNE;4;2713;1928;234760;4;2022;2022-4
NLD;4;22241;285542;8038924;4;2022;2022-4
NOR;4;2871;48947;1448269;4;2022;2022-4
POL;4;116322;47803;5999626;4;2022;2022-4
PRT;4;22212;266375;3977872;4;2022;2022-4
ROU;4;65477;45513;2888330;4;2022;2022-4
RUS;4;374902;353294;18137137;4;2022;2022-4
SMR;4;114;1005;16186;4;2022;2022-4
SRB;4;15956;30827;2001654;4;2022;2022-4
SVK;4;19426;94771;2273360;4;2022;2022-4
SVN;4;7651;46456;1004954;4;2022;2022-4
SWE;4;18792;14643;2499640;4;2022;2022-4
TUR;4;98676;215593;15016270;4;2022;2022-4
UKR;4;108326;39211;4998293;4;2022;2022-4
VAT;4;0;0;28;4;2022;2022-4
XKX;4;3138;564;227941;4;2022;2022-4
ALB;5;3497;1273;276101;5;2022;2022-5
AND;5;153;1881;42894;5;2022;2022-5
ARM;5;8625;138;422963;5;2022;2022-5
AUT;5;16212;142749;4273698;5;2022;2022-5
AZE;5;9713;262;792758;5;2022;2022-5
BEL;5;31221;113394;4146160;5;2022;2022-5
BGR;5;37133;11767;1164659;5;2022;2022-5
BIH;5;15787;1047;377888;5;2022;2022-5
BLR;5;6978;4905;982867;5;2022;2022-5
CHE;5;13259;55057;3657546;5;2022;2022-5
CYP;5;1173;11742;481205;5;2022;2022-5
CZE;5;40226;23425;3916247;5;2022;2022-5
DEU;5;139323;1954424;26285576;5;2022;2022-5
DNK;5;5303;22698;2818919;5;2022;2022-5
ESP;5;106752;530358;12403017;5;2022;2022-5
EST;5;2448;6475;561833;5;2022;2022-5
FIN;5;6062;72680;1093649;5;2022;2022-5
FRA;5;162148;1207570;29547577;5;2022;2022-5
FRO;5;28;0;34658;5;2022;2022-5
GEO;5;16825;2841;1657154;5;2022;2022-5
GGY;5;47;1378;25579;5;2022;2022-5
GIB;5;102;713;18419;5;2022;2022-5
GRC;5;29840;160736;3447935;5;2022;2022-5
HRV;5;15983;18682;1136410;5;2022;2022-5
HUN;5;45344;25562;1919921;5;2022;2022-5
IMN;5;106;1300;32966;5;2022;2022-5
IRL;5;6265;24154;1537887;5;2022;2022-5
ISL;5;114;3452;189468;5;2022;2022-5
ITA;5;168052;1232341;17533686;5;2022;2022-5
JEY;5;129;1036;50611;5;2022;2022-5
LIE;5;81;358;17341;5;2022;2022-5
LTU;5;9190;7964;1400367;5;2022;2022-5
LUX;5;1276;14963;272373;5;2022;2022-5
LVA;5;6440;8621;825934;5;2022;2022-5
MCO;5;57;554;12186;5;2022;2022-5
MDA;5;11521;1929;518793;5;2022;2022-5
MKD;5;9303;2643;311851;5;2022;2022-5
MLT;5;721;3984;94576;5;2022;2022-5
MNE;5;2720;2339;237099;5;2022;2022-5
NLD;5;22324;44685;8083609;5;2022;2022-5
NOR;5;3141;17785;1466054;5;2022;2022-5
POL;5;116686;15783;6015409;5;2022;2022-5
PRT;5;23115;701951;4679823;5;2022;2022-5
ROU;5;65678;19714;2908044;5;2022;2022-5
RUS;5;379029;190700;18327837;5;2022;2022-5
SMR;5;115;919;17105;5;2022;2022-5
SRB;5;16079;15267;2016921;5;2022;2022-5
SVK;5;19468;17670;2291030;5;2022;2022-5
SVN;5;7791;19707;1024661;5;2022;2022-5
SWE;5;18981;9074;2508714;5;2022;2022-5
TUR;5;98955;53730;15070000;5;2022;2022-5
UKR;5;108538;13140;5011433;5;2022;2022-5
VAT;5;0;0;28;5;2022;2022-5
XKX;5;3139;412;228353;5;2022;2022-5
ALB;1;3497;300;276401;6;2022;2022-6
AND;1;153;173;43067;6;2022;2022-6
ARM;1;8625;43;423006;6;2022;2022-6
AUT;1;16216;19641;4293339;6;2022;2022-6
AZE;1;9713;27;792785;6;2022;2022-6
BEL;1;31260;5946;4152106;6;2022;2022-6
BGR;1;37163;1148;1165807;6;2022;2022-6
BIH;1;15791;110;377998;6;2022;2022-6
BLR;1;6978;0;982867;6;2022;2022-6
CHE;1;13350;27732;3685278;6;2022;2022-6
CZE;1;40232;1411;3917658;6;2022;2022-6
DEU;1;139386;211035;26496611;6;2022;2022-6
DNK;1;5329;3372;2822291;6;2022;2022-6
ESP;1;106946;67909;12470926;6;2022;2022-6
EST;1;2458;781;562614;6;2022;2022-6
FIN;1;6064;9244;1102893;6;2022;2022-6
FRA;1;162479;156673;29704250;6;2022;2022-6
FRO;1;28;0;34658;6;2022;2022-6
GEO;1;16826;575;1657729;6;2022;2022-6
GGY;1;47;0;25579;6;2022;2022-6
GIB;1;102;141;18560;6;2022;2022-6
GRC;1;29930;24964;3472899;6;2022;2022-6
HRV;1;15998;1629;1138039;6;2022;2022-6
HUN;1;45354;1646;1921567;6;2022;2022-6
IMN;1;107;132;33098;6;2022;2022-6
IRL;1;6276;5170;1543057;6;2022;2022-6
ISL;1;114;1159;190627;6;2022;2022-6
ITA;1;168244;84982;17618668;6;2022;2022-6
JEY;1;129;129;50740;6;2022;2022-6
LIE;1;81;96;17437;6;2022;2022-6
LTU;1;9191;757;1401124;6;2022;2022-6
LUX;1;1276;2361;274734;6;2022;2022-6
LVA;1;6451;1026;826960;6;2022;2022-6
MCO;1;57;120;12306;6;2022;2022-6
MDA;1;11544;208;519001;6;2022;2022-6
MKD;1;9309;441;312292;6;2022;2022-6
MLT;1;723;631;95207;6;2022;2022-6
MNE;1;2720;435;237534;6;2022;2022-6
NLD;1;22326;9306;8092915;6;2022;2022-6
NOR;1;3172;1633;1467687;6;2022;2022-6
POL;1;116722;1427;6016836;6;2022;2022-6
PRT;1;23406;165149;4844972;6;2022;2022-6
ROU;1;65687;1978;2910022;6;2022;2022-6
RUS;1;379584;27363;18355200;6;2022;2022-6
SMR;1;115;19;17124;6;2022;2022-6
SRB;1;16088;1688;2018609;6;2022;2022-6
SVK;1;19469;990;2292020;6;2022;2022-6
SVN;1;7794;1711;1026372;6;2022;2022-6
SWE;1;18981;651;2509365;6;2022;2022-6
TUR;1;98969;3722;15073722;6;2022;2022-6
UKR;1;108605;3496;5014929;6;2022;2022-6
VAT;1;0;0;28;6;2022;2022-6
XKX;1;3139;44;228397;6;2022;2022-6
Total general;53;379584;851324;29704250;6;2022;2022-6
