 Pais;deaths month;deaths cumulative month;Cases month;cases cumulative month;month;year;year-month;Inflation Rate;inmigracion
Armenia;0;0;0;0;1;2020;2020-1;;
Austria;0;0;0;0;1;2020;2020-1;1.4;103.565
Azerbaijan;0;0;0;0;1;2020;2020-1;;
Belarus;0;0;0;0;1;2020;2020-1;;
Belgium;0;0;0;0;1;2020;2020-1;0.4;118.683
Bulgaria;0;0;0;0;1;2020;2020-1;1.2;37.364
Croatia;0;0;0;0;1;2020;2020-1;0.0;33.414
Cyprus;0;0;0;0;1;2020;2020-1;-1.1;25.861
Czechia;0;0;0;0;1;2020;2020-1;3.3;63.095
Denmark;0;0;35;45;1;2020;2020-1;0.3;57.230
Estonia;0;0;0;0;1;2020;2020-1;-0.6;16.209
Finland;0;0;0;0;1;2020;2020-1;0.4;32.898
France;0;0;3;3;1;2020;2020-1;0.5;283.237
Georgia;0;0;0;0;1;2020;2020-1;;
Germany;0;0;1;2;1;2020;2020-1;0.4;728.606
Greece;0;0;0;0;1;2020;2020-1;-1.3;84.221
Hungary;0;0;0;0;1;2020;2020-1;3.4;75.470
Iceland;0;0;0;0;1;2020;2020-1;1.2;8.544
Ireland;0;0;0;0;1;2020;2020-1;-0.5;74.211
Italy;0;0;0;0;1;2020;2020-1;-0.1;247.526
Latvia;0;0;0;0;1;2020;2020-1;0.1;8.840
Liechtenstein;0;0;0;0;1;2020;2020-1;;713
Lithuania;0;0;0;0;1;2020;2020-1;1.1;43.096
Luxembourg;0;0;0;0;1;2020;2020-1;0.0;22.490
Malta;0;0;0;0;1;2020;2020-1;0.8;13.885
Monaco;0;0;0;0;1;2020;2020-1;;
Netherlands;0;0;0;0;1;2020;2020-1;1.1;182.244
North Macedonia;0;0;0;0;1;2020;2020-1;1.2;2.555
Norway;0;0;0;0;1;2020;2020-1;1.2;
Poland;0;0;0;0;1;2020;2020-1;3.7;210.615
Portugal;0;0;0;0;1;2020;2020-1;-0.1;67.160
Romania;0;0;0;0;1;2020;2020-1;2.3;145.519
Russia;0;0;0;0;1;2020;2020-1;;
San Marino;0;0;0;0;1;2020;2020-1;;
Slovakia;0;0;0;0;1;2020;2020-1;2.0;6.775
Slovenia;0;0;0;0;1;2020;2020-1;-0.3;36.110
Spain;0;0;3;3;1;2020;2020-1;-0.3;467.918
Sweden;0;0;0;0;1;2020;2020-1;0.7;82.518
Switzerland;0;0;0;0;1;2020;2020-1;-0.8;138.778
United Kingdom;0;0;1;1;1;2020;2020-1;0.8;
Armenia;0;0;0;0;2;2020;2020-2;;
Austria;0;0;0;0;2;2020;2020-2;1.4;
Azerbaijan;0;0;0;0;2;2020;2020-2;;
Belarus;0;0;0;0;2;2020;2020-2;;
Belgium;0;0;3;3;2;2020;2020-2;0.4;
Bulgaria;0;0;0;0;2;2020;2020-2;1.2;
Croatia;0;0;0;0;2;2020;2020-2;0.0;
Cyprus;0;0;0;0;2;2020;2020-2;-1.1;
Czechia;0;0;0;0;2;2020;2020-2;3.3;
Denmark;0;0;50;95;2;2020;2020-2;0.3;
Estonia;0;0;0;0;2;2020;2020-2;-0.6;
Finland;0;0;1;1;2;2020;2020-2;0.4;
France;1;1;13;16;2;2020;2020-2;0.5;
Georgia;0;0;0;0;2;2020;2020-2;;
Germany;0;0;29;31;2;2020;2020-2;0.4;
Greece;0;0;0;0;2;2020;2020-2;-1.3;
Hungary;0;0;0;0;2;2020;2020-2;3.4;
Iceland;0;0;15;15;2;2020;2020-2;1.2;
Ireland;0;0;0;0;2;2020;2020-2;-0.5;
Italy;3;3;178;178;2;2020;2020-2;-0.1;
Latvia;0;0;0;0;2;2020;2020-2;0.1;
Liechtenstein;0;0;0;0;2;2020;2020-2;;
Lithuania;0;0;0;0;2;2020;2020-2;1.1;
Luxembourg;0;0;0;0;2;2020;2020-2;0.0;
Malta;0;0;0;0;2;2020;2020-2;0.8;
Monaco;0;0;0;0;2;2020;2020-2;;
Netherlands;0;0;0;0;2;2020;2020-2;1.1;
North Macedonia;0;0;0;0;2;2020;2020-2;1.2;
Norway;0;0;1;1;2;2020;2020-2;1.2;
Poland;0;0;0;0;2;2020;2020-2;3.7;
Portugal;0;0;1;1;2;2020;2020-2;-0.1;
Romania;0;0;0;0;2;2020;2020-2;2.3;
Russia;0;0;2;2;2;2020;2020-2;;
San Marino;0;0;0;0;2;2020;2020-2;;
Slovakia;0;0;0;0;2;2020;2020-2;2.0;
Slovenia;0;0;0;0;2;2020;2020-2;-0.3;
Spain;1;1;16;19;2;2020;2020-2;-0.3;
Sweden;0;0;0;0;2;2020;2020-2;0.7;
Switzerland;0;0;0;0;2;2020;2020-2;-0.8;
United Kingdom;0;0;14;15;2;2020;2020-2;0.8;
Albania;10;10;210;212;3;2020;2020-3;;
Andorra;6;6;329;334;3;2020;2020-3;;
Armenia;3;3;482;482;3;2020;2020-3;;
Austria;134;134;9196;9196;3;2020;2020-3;1.4;
Azerbaijan;4;4;209;209;3;2020;2020-3;;
Belarus;0;0;94;94;3;2020;2020-3;;
Belgium;978;978;15481;15484;3;2020;2020-3;0.4;
Bosnia And Herzegovina;9;9;334;352;3;2020;2020-3;;
Bulgaria;8;8;346;346;3;2020;2020-3;1.2;
Croatia;5;5;650;650;3;2020;2020-3;0.0;
Cyprus;9;9;289;289;3;2020;2020-3;-1.1;
Czechia;23;23;2826;2826;3;2020;2020-3;3.3;
Denmark;84;84;2686;2781;3;2020;2020-3;0.3;
Estonia;73;73;5955;5955;3;2020;2020-3;-0.6;
Faroe Islands;0;0;156;159;3;2020;2020-3;;
Finland;13;13;1455;1456;3;2020;2020-3;0.4;
France;2715;2716;40162;40178;3;2020;2020-3;0.5;
Georgia;0;0;90;90;3;2020;2020-3;;
Germany;712;712;63864;63895;3;2020;2020-3;0.4;
Gibraltar;0;0;50;65;3;2020;2020-3;;
Greece;42;42;1324;1324;3;2020;2020-3;-1.3;
Guernsey;0;0;28;45;3;2020;2020-3;;
Holy See;0;0;5;6;3;2020;2020-3;;
Hungary;15;15;444;444;3;2020;2020-3;3.4;
Iceland;2;2;1147;1162;3;2020;2020-3;1.2;
Ireland;77;77;2640;2640;3;2020;2020-3;-0.5;
Isle Of Man;0;0;40;42;3;2020;2020-3;;
Italy;13627;13630;104807;104985;3;2020;2020-3;-0.1;
Jersey;2;2;48;63;3;2020;2020-3;;
Kosovo;1;1;85;98;3;2020;2020-3;;
Latvia;0;0;347;347;3;2020;2020-3;0.1;
Liechtenstein;0;0;65;65;3;2020;2020-3;;
Lithuania;18;18;0;0;3;2020;2020-3;1.1;
Luxembourg;17;17;1839;1839;3;2020;2020-3;0.0;
Malta;0;0;148;148;3;2020;2020-3;0.8;
Moldova;2;2;240;263;3;2020;2020-3;;
Monaco;0;0;35;35;3;2020;2020-3;;
Montenegro;1;1;64;85;3;2020;2020-3;;
Netherlands;1077;1077;10742;10742;3;2020;2020-3;1.1;
North Macedonia;6;6;259;259;3;2020;2020-3;1.2;
Norway;20;20;4633;4634;3;2020;2020-3;1.2;
Poland;22;22;1862;1862;3;2020;2020-3;3.7;
Portugal;150;150;5446;5447;3;2020;2020-3;-0.1;
Romania;83;83;2010;2010;3;2020;2020-3;2.3;
Russia;8;8;1532;1534;3;2020;2020-3;;
San Marino;24;24;229;229;3;2020;2020-3;;
Serbia;13;13;686;741;3;2020;2020-3;1.8;
Slovakia;1;1;348;348;3;2020;2020-3;2.0;
Slovenia;13;13;757;757;3;2020;2020-3;-0.3;
Spain;8576;8577;108919;108938;3;2020;2020-3;-0.3;
Sweden;239;239;3943;3943;3;2020;2020-3;0.7;
Switzerland;257;257;14274;14274;3;2020;2020-3;-0.8;
Turkey;131;131;9253;9271;3;2020;2020-3;12.3;
Ukraine;9;9;415;418;3;2020;2020-3;;
United Kingdom;3179;3179;29356;29371;3;2020;2020-3;0.8;
Albania;18;28;514;726;4;2020;2020-4;;
Andorra;34;40;406;740;4;2020;2020-4;;
Armenia;26;29;1326;1808;4;2020;2020-4;;
Austria;468;602;6086;15282;4;2020;2020-4;1.4;
Azerbaijan;17;21;1436;1645;4;2020;2020-4;;
Belarus;72;72;10369;10463;4;2020;2020-4;;
Belgium;6412;7390;34535;50019;4;2020;2020-4;0.4;
Bosnia And Herzegovina;50;59;1164;1516;4;2020;2020-4;;
Bulgaria;48;56;954;1300;4;2020;2020-4;1.2;
Croatia;50;55;1373;2023;4;2020;2020-4;0.0;
Cyprus;12;21;539;828;4;2020;2020-4;-1.1;
Czechia;201;224;4591;7417;4;2020;2020-4;3.3;
Denmark;48;132;6353;9134;4;2020;2020-4;0.3;
Estonia;48;121;935;6890;4;2020;2020-4;-0.6;
Faroe Islands;0;0;28;187;4;2020;2020-4;;
Finland;176;189;3279;4735;4;2020;2020-4;0.4;
France;11477;14193;84240;124418;4;2020;2020-4;0.5;
Georgia;6;6;396;486;4;2020;2020-4;;
Germany;5921;6633;92889;156784;4;2020;2020-4;0.4;
Gibraltar;0;0;76;141;4;2020;2020-4;;
Greece;92;134;1236;2560;4;2020;2020-4;-1.3;
Guernsey;13;13;202;247;4;2020;2020-4;;
Holy See;0;0;3;9;4;2020;2020-4;;
Hungary;269;284;2132;2576;4;2020;2020-4;3.4;
Iceland;8;10;644;1806;4;2020;2020-4;1.2;
Ireland;906;983;16483;19123;4;2020;2020-4;-0.5;
Isle Of Man;18;18;265;307;4;2020;2020-4;;
Italy;15165;28795;96799;201784;4;2020;2020-4;-0.1;
Jersey;17;19;218;281;4;2020;2020-4;;
Kosovo;19;20;666;764;4;2020;2020-4;;
Latvia;13;13;466;813;4;2020;2020-4;0.1;
Liechtenstein;1;1;17;82;4;2020;2020-4;;
Lithuania;35;53;155;155;4;2020;2020-4;1.1;
Luxembourg;58;75;1060;2899;4;2020;2020-4;0.0;
Malta;4;4;297;445;4;2020;2020-4;0.8;
Moldova;94;96;3145;3408;4;2020;2020-4;;
Monaco;1;1;30;65;4;2020;2020-4;;
Montenegro;6;7;236;321;4;2020;2020-4;;
Netherlands;3835;4912;26824;37566;4;2020;2020-4;1.1;
North Macedonia;55;61;1127;1386;4;2020;2020-4;1.2;
Norway;173;193;2952;7586;4;2020;2020-4;1.2;
Poland;511;533;9692;11554;4;2020;2020-4;3.7;
Portugal;856;1006;16937;22384;4;2020;2020-4;-0.1;
Romania;585;668;9631;11641;4;2020;2020-4;2.3;
Russia;739;747;79415;80949;4;2020;2020-4;;
San Marino;17;41;309;538;4;2020;2020-4;;
Serbia;143;156;7301;8042;4;2020;2020-4;1.8;
Slovakia;20;21;1015;1363;4;2020;2020-4;2.0;
Slovenia;77;90;646;1403;4;2020;2020-4;-0.3;
Spain;16569;25146;110839;219777;4;2020;2020-4;-0.3;
Sweden;2318;2557;14924;18867;4;2020;2020-4;0.7;
Switzerland;1079;1336;14704;28978;4;2020;2020-4;-0.8;
Turkey;2674;2805;100859;110130;4;2020;2020-4;12.3;
Ukraine;200;209;8199;8617;4;2020;2020-4;;
United Kingdom;23079;26258;127575;156946;4;2020;2020-4;0.8;
Albania;5;33;411;1137;5;2020;2020-5;;
Andorra;11;51;24;764;5;2020;2020-5;;
Armenia;110;139;7684;9492;5;2020;2020-5;;
Austria;93;695;1371;16653;5;2020;2020-5;1.4;
Azerbaijan;42;63;3849;5494;5;2020;2020-5;;
Belarus;163;235;32093;42556;5;2020;2020-5;;
Belgium;1933;9323;10871;60890;5;2020;2020-5;0.4;
Bosnia And Herzegovina;94;153;994;2510;5;2020;2020-5;;
Bulgaria;84;140;1213;2513;5;2020;2020-5;1.2;
Croatia;48;103;216;2239;5;2020;2020-5;0.0;
Cyprus;5;26;123;951;5;2020;2020-5;-1.1;
Czechia;94;318;1886;9303;5;2020;2020-5;3.3;
Denmark;51;183;2836;11970;5;2020;2020-5;0.3;
Estonia;14;135;222;7112;5;2020;2020-5;-0.6;
Faroe Islands;0;0;0;187;5;2020;2020-5;;
Finland;124;313;1905;6640;5;2020;2020-5;0.4;
France;4325;18518;22262;146680;5;2020;2020-5;0.5;
Georgia;6;12;297;783;5;2020;2020-5;;
Germany;2146;8779;25250;182034;5;2020;2020-5;0.4;
Gibraltar;0;0;28;169;5;2020;2020-5;;
Greece;45;179;401;2961;5;2020;2020-5;-1.3;
Guernsey;0;13;5;252;5;2020;2020-5;;
Holy See;0;0;3;12;5;2020;2020-5;;
Hungary;244;528;1311;3887;5;2020;2020-5;3.4;
Iceland;0;10;14;1820;5;2020;2020-5;1.2;
Ireland;439;1422;5842;24965;5;2020;2020-5;-0.5;
Isle Of Man;6;24;29;336;5;2020;2020-5;;
Italy;5419;34214;31684;233468;5;2020;2020-5;-0.1;
Jersey;10;29;27;308;5;2020;2020-5;;
Kosovo;10;30;319;1083;5;2020;2020-5;;
Latvia;12;25;253;1066;5;2020;2020-5;0.1;
Liechtenstein;0;1;0;82;5;2020;2020-5;;
Lithuania;24;77;343;498;5;2020;2020-5;1.1;
Luxembourg;15;90;55;2954;5;2020;2020-5;0.0;
Malta;5;9;170;615;5;2020;2020-5;0.8;
Moldova;199;295;4843;8251;5;2020;2020-5;;
Monaco;0;1;2;67;5;2020;2020-5;;
Montenegro;2;9;3;324;5;2020;2020-5;;
Netherlands;1139;6051;8630;46196;5;2020;2020-5;1.1;
North Macedonia;72;133;840;2226;5;2020;2020-5;1.2;
Norway;43;236;852;8438;5;2020;2020-5;1.2;
Poland;530;1063;12230;23784;5;2020;2020-5;3.7;
Portugal;426;1432;10525;32909;5;2020;2020-5;-0.1;
Romania;619;1287;8014;19655;5;2020;2020-5;2.3;
Russia;3946;4693;324894;405843;5;2020;2020-5;;
San Marino;1;42;133;671;5;2020;2020-5;;
Serbia;87;243;3370;11412;5;2020;2020-5;1.8;
Slovakia;13;34;136;1499;5;2020;2020-5;2.0;
Slovenia;23;113;70;1473;5;2020;2020-5;-0.3;
Spain;4025;29171;26870;246647;5;2020;2020-5;-0.3;
Sweden;2064;4621;19793;38660;5;2020;2020-5;0.7;
Switzerland;320;1656;1801;30779;5;2020;2020-5;-0.8;
Turkey;1735;4540;53812;163942;5;2020;2020-5;12.3;
Ukraine;499;708;15055;23672;5;2020;2020-5;;
United Kingdom;11961;38219;99496;256442;5;2020;2020-5;0.8;
Albania;22;55;1265;2402;6;2020;2020-6;;
Andorra;1;52;91;855;6;2020;2020-6;;
Armenia;294;433;15635;25127;6;2020;2020-6;;
Austria;36;731;982;17635;6;2020;2020-6;1.4;
Azerbaijan;135;198;10930;16424;6;2020;2020-6;;
Belarus;246;9569;2793;63683;6;2020;2020-6;;
Belgium;76;216;2112;4625;6;2020;2020-6;0.4;
Bosnia And Herzegovina;30;183;1696;4206;6;2020;2020-6;;
Bulgaria;148;383;18919;61475;6;2020;2020-6;1.2;
Croatia;25;1681;755;31534;6;2020;2020-6;0.0;
Cyprus;3;29;49;1000;6;2020;2020-6;-1.1;
Czechia;28;346;2347;11650;6;2020;2020-6;3.3;
Denmark;304;9083;12046;194080;6;2020;2020-6;0.3;
Estonia;30;213;1044;13014;6;2020;2020-6;-0.6;
Faroe Islands;583;29754;9964;256611;6;2020;2020-6;;
Finland;2;137;120;7232;6;2020;2020-6;0.4;
France;12;325;228;6868;6;2020;2020-6;0.5;
Georgia;885;19403;13588;160268;6;2020;2020-6;;
Germany;0;0;0;187;6;2020;2020-6;0.4;
Gibraltar;2434;40653;26988;283430;6;2020;2020-6;;
Greece;3;15;143;926;6;2020;2020-6;-1.3;
Guernsey;0;13;0;252;6;2020;2020-6;;
Holy See;0;0;8;177;6;2020;2020-6;;
Hungary;12;191;488;3449;6;2020;2020-6;3.4;
Iceland;4;107;445;2684;6;2020;2020-6;1.2;
Ireland;57;585;258;4145;6;2020;2020-6;-0.5;
Isle Of Man;0;24;0;336;6;2020;2020-6;;
Italy;64;1486;447;25412;6;2020;2020-6;-0.1;
Jersey;0;10;14;1834;6;2020;2020-6;;
Kosovo;1100;35314;7038;240506;6;2020;2020-6;;
Latvia;2;31;11;319;6;2020;2020-6;0.1;
Liechtenstein;0;1;0;82;6;2020;2020-6;;
Lithuania;1;78;140;638;6;2020;2020-6;1.1;
Luxembourg;2;92;182;3136;6;2020;2020-6;0.0;
Malta;5;30;50;1116;6;2020;2020-6;0.8;
Moldova;0;1;3;70;6;2020;2020-6;;
Monaco;235;530;7999;16250;6;2020;2020-6;;
Montenegro;153;286;3866;6092;6;2020;2020-6;;
Netherlands;0;9;52;667;6;2020;2020-6;1.1;
North Macedonia;2;11;157;481;6;2020;2020-6;1.2;
Norway;131;6182;3718;49914;6;2020;2020-6;1.2;
Poland;13;249;419;8857;6;2020;2020-6;3.7;
Portugal;375;1438;10123;33907;6;2020;2020-6;-0.1;
Romania;139;1571;9285;42194;6;2020;2020-6;2.3;
Russia;361;1648;7390;27045;6;2020;2020-6;;
San Marino;4380;9073;228594;634437;6;2020;2020-6;;
Serbia;0;42;27;698;6;2020;2020-6;1.8;
Slovakia;27;270;2634;14046;6;2020;2020-6;2.0;
Slovenia;0;34;149;1648;6;2020;2020-6;-0.3;
Spain;0;113;111;1584;6;2020;2020-6;-0.3;
Sweden;818;5439;27672;66332;6;2020;2020-6;0.7;
Switzerland;557;5097;33297;197239;6;2020;2020-6;-0.8;
Turkey;421;1129;19310;42982;6;2020;2020-6;12.3;
Ukraine;0;0;0;12;6;2020;2020-6;;
United Kingdom;19;49;1594;2677;6;2020;2020-6;0.8;
Albania;83;138;2361;4763;7;2020;2020-7;;
Andorra;0;52;42;897;7;2020;2020-7;;
Armenia;278;711;12263;37390;7;2020;2020-7;;
Austria;11;742;2892;20527;7;2020;2020-7;1.4;
Azerbaijan;219;417;13626;30050;7;2020;2020-7;;
Belarus;67;9636;5215;68898;7;2020;2020-7;;
Belgium;122;338;5687;10312;7;2020;2020-7;0.4;
Bosnia And Herzegovina;104;287;6109;10315;7;2020;2020-7;;
Bulgaria;151;534;5657;67132;7;2020;2020-7;1.2;
Croatia;19;1700;2791;34325;7;2020;2020-7;0.0;
Cyprus;0;29;65;1065;7;2020;2020-7;-1.1;
Czechia;26;372;3712;15362;7;2020;2020-7;3.3;
Denmark;135;9218;12092;206172;7;2020;2020-7;0.3;
Estonia;9;222;808;13822;7;2020;2020-7;-0.6;
Faroe Islands;151;29905;32693;289304;7;2020;2020-7;;
Finland;0;137;42;7274;7;2020;2020-7;0.4;
France;6;331;164;7032;7;2020;2020-7;0.5;
Georgia;456;19859;18991;179259;7;2020;2020-7;;
Germany;0;0;4;191;7;2020;2020-7;0.4;
Gibraltar;658;41311;17853;301283;7;2020;2020-7;;
Greece;1;16;211;1137;7;2020;2020-7;-1.3;
Guernsey;0;13;0;252;7;2020;2020-7;;
Holy See;0;0;8;185;7;2020;2020-7;;
Hungary;11;202;881;4330;7;2020;2020-7;3.4;
Iceland;29;136;2166;4850;7;2020;2020-7;1.2;
Ireland;11;596;303;4448;7;2020;2020-7;-0.5;
Isle Of Man;0;24;0;336;7;2020;2020-7;;
Italy;17;1503;462;25874;7;2020;2020-7;-0.1;
Jersey;0;10;34;1868;7;2020;2020-7;;
Kosovo;329;35643;6183;246689;7;2020;2020-7;;
Latvia;0;31;13;332;7;2020;2020-7;0.1;
Liechtenstein;0;1;4;86;7;2020;2020-7;;
Lithuania;1;79;203;841;7;2020;2020-7;1.1;
Luxembourg;2;94;1727;4863;7;2020;2020-7;0.0;
Malta;1;31;103;1219;7;2020;2020-7;0.8;
Moldova;0;1;11;81;7;2020;2020-7;;
Monaco;205;735;6784;23034;7;2020;2020-7;;
Montenegro;174;460;3994;10086;7;2020;2020-7;;
Netherlands;0;9;30;697;7;2020;2020-7;1.1;
North Macedonia;29;40;2088;2569;7;2020;2020-7;1.2;
Norway;32;6214;2954;52868;7;2020;2020-7;1.2;
Poland;6;255;279;9136;7;2020;2020-7;3.7;
Portugal;233;1671;9158;43065;7;2020;2020-7;-0.1;
Romania;153;1724;8845;51039;7;2020;2020-7;2.3;
Russia;600;2248;20686;47731;7;2020;2020-7;;
San Marino;4196;13269;178048;812485;7;2020;2020-7;;
Serbia;0;42;1;699;7;2020;2020-7;1.8;
Slovakia;264;534;9684;23730;7;2020;2020-7;2.0;
Slovenia;1;35;522;2170;7;2020;2020-7;-0.3;
Spain;5;118;504;2088;7;2020;2020-7;-0.3;
Sweden;269;5708;9396;75728;7;2020;2020-7;0.7;
Switzerland;516;5613;28861;226100;7;2020;2020-7;-0.8;
Turkey;476;1605;21867;64849;7;2020;2020-7;12.3;
Ukraine;0;0;0;12;7;2020;2020-7;;
United Kingdom;120;169;4240;6917;7;2020;2020-7;0.8;
Albania;142;280;4617;9380;8;2020;2020-8;;
Andorra;1;53;227;1124;8;2020;2020-8;;
Armenia;166;877;6360;43750;8;2020;2020-8;;
Austria;19;761;6826;27353;8;2020;2020-8;1.4;
Azerbaijan;114;531;6259;36309;8;2020;2020-8;;
Belarus;193;9829;18424;87322;8;2020;2020-8;;
Belgium;267;605;5852;16164;8;2020;2020-8;0.4;
Bosnia And Herzegovina;311;598;9478;19793;8;2020;2020-8;;
Bulgaria;142;676;4555;71687;8;2020;2020-8;1.2;
Croatia;24;1724;7581;41906;8;2020;2020-8;0.0;
Cyprus;1;30;429;1494;8;2020;2020-8;-1.1;
Czechia;54;426;9034;24396;8;2020;2020-8;3.3;
Denmark;175;9393;37294;243466;8;2020;2020-8;0.3;
Estonia;11;233;3498;17320;8;2020;2020-8;-0.6;
Faroe Islands;1157;31062;202387;491691;8;2020;2020-8;;
Finland;1;138;342;7616;8;2020;2020-8;0.4;
France;11;342;710;7742;8;2020;2020-8;0.5;
Georgia;557;20416;105968;285227;8;2020;2020-8;;
Germany;0;0;220;411;8;2020;2020-8;0.4;
Gibraltar;349;41660;37610;338893;8;2020;2020-8;;
Greece;3;19;350;1487;8;2020;2020-8;-1.3;
Guernsey;0;13;0;252;8;2020;2020-8;;
Holy See;0;0;100;285;8;2020;2020-8;;
Hungary;63;265;6341;10671;8;2020;2020-8;3.4;
Iceland;48;184;5266;10116;8;2020;2020-8;1.2;
Ireland;21;617;1691;6139;8;2020;2020-8;-0.5;
Isle Of Man;0;24;0;336;8;2020;2020-8;;
Italy;9;1512;2920;28794;8;2020;2020-8;-0.1;
Jersey;0;10;256;2124;8;2020;2020-8;;
Kosovo;227;35870;24883;271572;8;2020;2020-8;;
Latvia;1;32;42;374;8;2020;2020-8;0.1;
Liechtenstein;0;1;21;107;8;2020;2020-8;;
Lithuania;8;87;886;1727;8;2020;2020-8;1.1;
Luxembourg;13;107;1515;6378;8;2020;2020-8;0.0;
Malta;3;34;174;1393;8;2020;2020-8;0.8;
Moldova;0;1;50;131;8;2020;2020-8;;
Monaco;257;992;13666;36700;8;2020;2020-8;;
Montenegro;124;584;3841;13927;8;2020;2020-8;;
Netherlands;2;11;1162;1859;8;2020;2020-8;1.1;
North Macedonia;58;98;2221;4790;8;2020;2020-8;1.2;
Norway;89;6303;17176;70044;8;2020;2020-8;1.2;
Poland;9;264;1678;10814;8;2020;2020-8;3.7;
Portugal;362;2033;23805;66870;8;2020;2020-8;-0.1;
Romania;103;1827;8399;59438;8;2020;2020-8;2.3;
Russia;1506;3754;40989;88720;8;2020;2020-8;;
San Marino;3824;17093;177841;990326;8;2020;2020-8;;
Serbia;0;42;11;710;8;2020;2020-8;1.8;
Slovakia;177;711;7635;31365;8;2020;2020-8;2.0;
Slovenia;15;50;1724;3894;8;2020;2020-8;-0.3;
Spain;14;132;796;2884;8;2020;2020-8;-0.3;
Sweden;81;5789;8509;84237;8;2020;2020-8;0.7;
Switzerland;713;6326;271266;497366;8;2020;2020-8;-0.8;
Turkey;922;2527;54225;119074;8;2020;2020-8;12.3;
Ukraine;0;0;0;12;8;2020;2020-8;;
United Kingdom;347;516;6417;13334;8;2020;2020-8;0.8;
Albania;97;377;3879;13259;9;2020;2020-9;;
Andorra;0;53;712;1836;9;2020;2020-9;;
Armenia;74;951;5650;49400;9;2020;2020-9;;
Austria;55;816;16132;43485;9;2020;2020-9;1.4;
Azerbaijan;55;586;3714;40023;9;2020;2020-9;;
Belarus;101;9930;31195;118517;9;2020;2020-9;;
Belgium;184;789;3833;19997;9;2020;2020-9;0.4;
Bosnia And Herzegovina;219;817;7128;26921;9;2020;2020-9;;
Bulgaria;142;818;5922;77609;9;2020;2020-9;1.2;
Croatia;54;1778;9958;51864;9;2020;2020-9;0.0;
Cyprus;2;32;234;1728;9;2020;2020-9;-1.1;
Czechia;201;627;40222;64618;9;2020;2020-9;3.3;
Denmark;171;9564;43743;287209;9;2020;2020-9;0.3;
Estonia;25;258;10270;27590;9;2020;2020-9;-0.6;
Faroe Islands;2929;33991;293119;784810;9;2020;2020-9;;
Finland;0;138;898;8514;9;2020;2020-9;0.4;
France;13;355;1727;9469;9;2020;2020-9;0.5;
Georgia;1647;22063;267537;552764;9;2020;2020-9;;
Germany;0;0;49;460;9;2020;2020-9;0.4;
Gibraltar;612;42272;119809;458702;9;2020;2020-9;;
Greece;9;28;4065;5552;9;2020;2020-9;-1.3;
Guernsey;0;13;4;256;9;2020;2020-9;;
Holy See;0;0;94;379;9;2020;2020-9;;
Hungary;122;387;7524;18195;9;2020;2020-9;3.4;
Iceland;88;272;6074;16190;9;2020;2020-9;1.2;
Ireland;142;759;18572;24711;9;2020;2020-9;-0.5;
Isle Of Man;0;24;4;340;9;2020;2020-9;;
Italy;34;1546;6550;35344;9;2020;2020-9;-0.1;
Jersey;0;10;549;2673;9;2020;2020-9;;
Kosovo;433;36303;42682;314254;9;2020;2020-9;;
Latvia;0;32;26;400;9;2020;2020-9;0.1;
Liechtenstein;0;1;10;117;9;2020;2020-9;;
Lithuania;13;100;1583;3310;9;2020;2020-9;1.1;
Luxembourg;1;108;1699;8077;9;2020;2020-9;0.0;
Malta;2;36;283;1676;9;2020;2020-9;0.8;
Moldova;0;1;79;210;9;2020;2020-9;;
Monaco;295;1287;14175;50875;9;2020;2020-9;;
Montenegro;141;725;3702;17629;9;2020;2020-9;;
Netherlands;20;31;1117;2976;9;2020;2020-9;1.1;
North Macedonia;60;158;5523;10313;9;2020;2020-9;1.2;
Norway;162;6465;41342;111386;9;2020;2020-9;1.2;
Poland;6;270;3013;13827;9;2020;2020-9;3.7;
Portugal;398;2431;20460;87330;9;2020;2020-9;-0.1;
Romania;136;1963;15749;75187;9;2020;2020-9;2.3;
Russia;1186;4940;37312;126032;9;2020;2020-9;;
San Marino;3231;20324;161112;1151438;9;2020;2020-9;;
Serbia;0;42;17;727;9;2020;2020-9;1.8;
Slovakia;36;747;2019;33384;9;2020;2020-9;2.0;
Slovenia;48;98;5459;9353;9;2020;2020-9;-0.3;
Spain;21;153;2506;5390;9;2020;2020-9;-0.3;
Sweden;48;5837;7923;92160;9;2020;2020-9;0.7;
Switzerland;1671;7997;234327;731693;9;2020;2020-9;-0.8;
Turkey;1432;3959;79560;198634;9;2020;2020-9;12.3;
Ukraine;0;0;0;12;9;2020;2020-9;;
United Kingdom;106;622;2138;15472;9;2020;2020-9;0.8;
Albania;100;477;5898;19157;10;2020;2020-10;;
Andorra;16;69;2202;4038;10;2020;2020-10;;
Armenia;245;1196;29410;78810;10;2020;2020-10;;
Austria;239;1055;41259;84744;10;2020;2020-10;1.4;
Azerbaijan;85;671;9936;49959;10;2020;2020-10;;
Belarus;965;10895;235362;353879;10;2020;2020-10;;
Belgium;295;1084;17565;37562;10;2020;2020-10;0.4;
Bosnia And Herzegovina;269;1086;13972;40893;10;2020;2020-10;;
Bulgaria;139;957;15214;92823;10;2020;2020-10;1.2;
Croatia;98;1876;51459;103323;10;2020;2020-10;0.0;
Cyprus;3;35;1978;3706;10;2020;2020-10;-1.1;
Czechia;1842;2469;193514;258132;10;2020;2020-10;3.3;
Denmark;845;10409;159007;446216;10;2020;2020-10;0.3;
Estonia;53;311;14603;42193;10;2020;2020-10;-0.6;
Faroe Islands;4340;38331;369837;1154647;10;2020;2020-10;;
Finland;9;147;1153;9667;10;2020;2020-10;0.4;
France;22;377;5174;14643;10;2020;2020-10;0.5;
Georgia;4590;26653;653365;1206129;10;2020;2020-10;;
Germany;0;0;30;490;10;2020;2020-10;0.4;
Gibraltar;3591;45863;474744;933446;10;2020;2020-10;;
Greece;187;215;24751;30303;10;2020;2020-10;-1.3;
Guernsey;0;13;9;265;10;2020;2020-10;;
Holy See;0;0;288;667;10;2020;2020-10;;
Hungary;197;584;14511;32706;10;2020;2020-10;3.4;
Iceland;165;437;20183;36373;10;2020;2020-10;1.2;
Ireland;762;1521;36849;61560;10;2020;2020-10;-0.5;
Isle Of Man;0;24;8;348;10;2020;2020-10;;
Italy;94;1640;22507;57851;10;2020;2020-10;-0.1;
Jersey;2;12;1853;4526;10;2020;2020-10;;
Kosovo;2177;38480;274205;588459;10;2020;2020-10;;
Latvia;0;32;130;530;10;2020;2020-10;0.1;
Liechtenstein;0;1;284;401;10;2020;2020-10;;
Lithuania;99;199;6460;9770;10;2020;2020-10;1.1;
Luxembourg;18;126;5869;13946;10;2020;2020-10;0.0;
Malta;24;60;3002;4678;10;2020;2020-10;0.8;
Moldova;0;1;96;306;10;2020;2020-10;;
Monaco;398;1685;20628;71503;10;2020;2020-10;;
Montenegro;194;919;9325;26954;10;2020;2020-10;;
Netherlands;20;51;2519;5495;10;2020;2020-10;1.1;
North Macedonia;108;266;6484;16797;10;2020;2020-10;1.2;
Norway;907;7372;179019;290405;10;2020;2020-10;1.2;
Poland;9;279;4528;18355;10;2020;2020-10;3.7;
Portugal;2006;4437;166358;253688;10;2020;2020-10;-0.1;
Romania;393;2356;43433;118620;10;2020;2020-10;2.3;
Russia;2028;6968;92405;218437;10;2020;2020-10;;
San Marino;5726;26050;362439;1513877;10;2020;2020-10;;
Serbia;0;42;92;819;10;2020;2020-10;1.8;
Slovakia;45;792;6102;39486;10;2020;2020-10;2.0;
Slovenia;323;421;36023;45376;10;2020;2020-10;-0.3;
Spain;134;287;18723;24113;10;2020;2020-10;-0.3;
Sweden;98;5935;22695;114855;10;2020;2020-10;0.7;
Switzerland;1802;9799;235808;967501;10;2020;2020-10;-0.8;
Turkey;2432;6391;144855;343489;10;2020;2020-10;12.3;
Ukraine;0;0;14;26;10;2020;2020-10;;
United Kingdom;41;663;2471;17943;10;2020;2020-10;0.8;
Albania;321;798;18468;37625;11;2020;2020-11;;
Andorra;7;76;2674;6712;11;2020;2020-11;;
Armenia;968;2164;56314;135124;11;2020;2020-11;;
Austria;2548;3603;196155;280899;11;2020;2020-11;1.4;
Azerbaijan;690;1361;68236;118195;11;2020;2020-11;;
Belarus;5844;16739;226130;580009;11;2020;2020-11;;
Belgium;2665;3749;104185;141747;11;2020;2020-11;0.4;
Bosnia And Herzegovina;1534;2620;46381;87274;11;2020;2020-11;;
Bulgaria;194;1151;42185;135008;11;2020;2020-11;1.2;
Croatia;2360;4236;213694;317017;11;2020;2020-11;0.0;
Cyprus;36;71;7085;10791;11;2020;2020-11;-1.1;
Czechia;6014;8483;261643;519775;11;2020;2020-11;3.3;
Denmark;8734;19143;616148;1062364;11;2020;2020-11;0.3;
Estonia;127;438;28483;70676;11;2020;2020-11;-0.6;
Faroe Islands;10533;48864;530759;1685406;11;2020;2020-11;;
Finland;42;189;7861;17528;11;2020;2020-11;0.4;
France;72;449;10101;24744;11;2020;2020-11;0.5;
Georgia;26239;52892;1012250;2218379;11;2020;2020-11;;
Germany;0;0;12;502;11;2020;2020-11;0.4;
Gibraltar;14238;60101;728339;1661785;11;2020;2020-11;;
Greece;1052;1267;105281;135584;11;2020;2020-11;-1.3;
Guernsey;0;13;21;286;11;2020;2020-11;;
Holy See;5;5;347;1014;11;2020;2020-11;;
Hungary;1863;2447;75507;108213;11;2020;2020-11;3.4;
Iceland;1275;1712;90232;126605;11;2020;2020-11;1.2;
Ireland;3431;4952;155560;217120;11;2020;2020-11;-0.5;
Isle Of Man;1;25;21;369;11;2020;2020-11;;
Italy;215;1855;14588;72439;11;2020;2020-11;-0.1;
Jersey;14;26;877;5403;11;2020;2020-11;;
Kosovo;21206;59686;1067729;1656188;11;2020;2020-11;;
Latvia;0;32;398;928;11;2020;2020-11;0.1;
Liechtenstein;16;17;865;1266;11;2020;2020-11;;
Lithuania;792;991;50377;60147;11;2020;2020-11;1.1;
Luxembourg;149;275;19551;33497;11;2020;2020-11;0.0;
Malta;173;233;12297;16975;11;2020;2020-11;0.8;
Moldova;1;2;302;608;11;2020;2020-11;;
Monaco;605;2290;35514;107017;11;2020;2020-11;;
Montenegro;812;1731;34589;61543;11;2020;2020-11;;
Netherlands;82;133;4254;9749;11;2020;2020-11;1.1;
North Macedonia;221;487;18084;34881;11;2020;2020-11;1.2;
Norway;2276;9648;227120;517525;11;2020;2020-11;1.2;
Poland;49;328;17869;36224;11;2020;2020-11;3.7;
Portugal;12589;17026;708644;962332;11;2020;2020-11;-0.1;
Romania;2161;4517;160780;279400;11;2020;2020-11;2.3;
Russia;6098;13066;262155;480592;11;2020;2020-11;;
San Marino;13477;39527;755439;2269316;11;2020;2020-11;;
Serbia;3;45;767;1586;11;2020;2020-11;1.8;
Slovakia;757;1549;129728;169214;11;2020;2020-11;2.0;
Slovenia;1422;1843;67344;112720;11;2020;2020-11;-0.3;
Spain;1280;1567;51758;75871;11;2020;2020-11;-0.3;
Sweden;1223;7158;142702;257557;11;2020;2020-11;0.7;
Switzerland;3759;13558;432928;1400429;11;2020;2020-11;-0.8;
Turkey;5822;12213;379190;722679;11;2020;2020-11;12.3;
Ukraine;0;0;0;26;11;2020;2020-11;;
United Kingdom;342;1005;21114;39057;11;2020;2020-11;0.8;
Albania;395;1193;21813;59438;12;2020;2020-12;;
Andorra;8;84;1480;8192;12;2020;2020-12;;
Armenia;700;2864;25096;160220;12;2020;2020-12;;
Austria;2916;6519;84877;365776;12;2020;2020-12;1.4;
Azerbaijan;1372;2733;102070;220265;12;2020;2020-12;;
Belarus;3009;19748;71426;651435;12;2020;2020-12;;
Belgium;3895;7644;61133;202880;12;2020;2020-12;0.4;
Bosnia And Herzegovina;1511;4131;25371;112645;12;2020;2020-12;;
Bulgaria;300;1451;64954;199962;12;2020;2020-12;1.2;
Croatia;3002;7238;142643;459660;12;2020;2020-12;0.0;
Cyprus;99;170;13743;24534;12;2020;2020-12;-1.1;
Czechia;3978;12461;227357;747132;12;2020;2020-12;3.3;
Denmark;24839;43982;721288;1783652;12;2020;2020-12;0.3;
Estonia;545;983;58157;128833;12;2020;2020-12;-0.6;
Faroe Islands;6532;55396;335127;2020533;12;2020;2020-12;;
Finland;134;323;17212;34740;12;2020;2020-12;0.4;
France;202;651;11482;36226;12;2020;2020-12;0.5;
Georgia;19312;72204;420025;2638404;12;2020;2020-12;;
Germany;0;0;118;620;12;2020;2020-12;0.4;
Gibraltar;18757;78858;1178143;2839928;12;2020;2020-12;;
Greece;1361;2628;94179;229763;12;2020;2020-12;-1.3;
Guernsey;0;13;14;300;12;2020;2020-12;;
Holy See;3;8;1392;2406;12;2020;2020-12;;
Hungary;2555;5002;33699;141912;12;2020;2020-12;3.4;
Iceland;2360;4072;86346;212951;12;2020;2020-12;1.2;
Ireland;5610;10562;111692;328812;12;2020;2020-12;-0.5;
Isle Of Man;0;25;5;374;12;2020;2020-12;;
Italy;231;2086;35468;107907;12;2020;2020-12;-0.1;
Jersey;3;29;413;5816;12;2020;2020-12;;
Kosovo;19671;79357;554726;2210914;12;2020;2020-12;;
Latvia;12;44;1893;2821;12;2020;2020-12;0.1;
Liechtenstein;26;43;955;2221;12;2020;2020-12;;
Lithuania;1532;2523;86661;146808;12;2020;2020-12;1.1;
Luxembourg;186;461;12425;45922;12;2020;2020-12;0.0;
Malta;495;728;25522;42497;12;2020;2020-12;0.8;
Moldova;1;3;299;907;12;2020;2020-12;;
Monaco;747;3037;38856;145873;12;2020;2020-12;;
Montenegro;799;2530;22481;84024;12;2020;2020-12;;
Netherlands;87;220;3330;13079;12;2020;2020-12;1.1;
North Macedonia;202;689;14314;49195;12;2020;2020-12;1.2;
Norway;2518;12166;302165;819690;12;2020;2020-12;1.2;
Poland;108;436;15311;51535;12;2020;2020-12;3.7;
Portugal;12153;29179;332541;1294873;12;2020;2020-12;-0.1;
Romania;2706;7223;131925;411325;12;2020;2020-12;2.3;
Russia;5390;18456;166129;646721;12;2020;2020-12;;
San Marino;19461;58988;990822;3260138;12;2020;2020-12;;
Serbia;17;62;907;2493;12;2020;2020-12;1.8;
Slovakia;1776;3325;174656;343870;12;2020;2020-12;2.0;
Slovenia;2264;4107;158846;271566;12;2020;2020-12;-0.3;
Spain;1560;3127;50090;125961;12;2020;2020-12;-0.3;
Sweden;2927;10085;205102;462659;12;2020;2020-12;0.7;
Switzerland;7930;21488;841483;2241912;12;2020;2020-12;-0.8;
Turkey;6641;18854;351414;1074093;12;2020;2020-12;12.3;
Ukraine;0;0;0;26;12;2020;2020-12;;
United Kingdom;339;1344;12908;51965;12;2020;2020-12;0.8;
Albania;187;1380;18689;78127;1;2021;2021-1;;
Andorra;17;101;1745;9937;1;2021;2021-1;;
Armenia;220;3084;6868;167088;1;2021;2021-1;;
Austria;1296;7815;45257;411033;1;2021;2021-1;;
Azerbaijan;399;3132;9954;230219;1;2021;2021-1;;
Belarus;1394;21142;57801;709236;1;2021;2021-1;;
Belgium;1384;9028;15738;218618;1;2021;2021-1;3.2;
Bosnia And Herzegovina;574;4705;9441;122086;1;2021;2021-1;;
Bulgaria;267;1718;48374;248336;1;2021;2021-1;2.8;
Croatia;1441;8679;62868;522528;1;2021;2021-1;2.7;
Cyprus;84;254;6416;30950;1;2021;2021-1;2.3;
Czechia;4409;16870;241120;988252;1;2021;2021-1;3.3;
Denmark;20144;64126;438086;2221738;1;2021;2021-1;1.9;
Estonia;751;1734;27199;156032;1;2021;2021-1;4.5;
Faroe Islands;11120;66516;841744;2862277;1;2021;2021-1;;
Finland;171;494;15054;49794;1;2021;2021-1;;
France;130;781;8650;44876;1;2021;2021-1;2.1;
Georgia;14971;87175;511294;3149698;1;2021;2021-1;;
Germany;1;1;34;654;1;2021;2021-1;3.2;
Gibraltar;31503;110361;1073261;3913189;1;2021;2021-1;;
Greece;566;3194;28588;258351;1;2021;2021-1;0.6;
Guernsey;0;13;239;539;1;2021;2021-1;;
Holy See;69;77;1708;4114;1;2021;2021-1;;
Hungary;823;5825;17006;158918;1;2021;2021-1;5.2;
Iceland;955;5027;19468;232419;1;2021;2021-1;3.7;
Ireland;2613;13175;39855;368667;1;2021;2021-1;2.4;
Isle Of Man;0;25;58;432;1;2021;2021-1;;
Italy;1373;3459;89394;197301;1;2021;2021-1;1.9;
Jersey;0;29;213;6029;1;2021;2021-1;;
Kosovo;12549;91906;384832;2595746;1;2021;2021-1;;
Latvia;22;66;331;3152;1;2021;2021-1;3.2;
Liechtenstein;10;53;278;2499;1;2021;2021-1;;
Lithuania;685;3208;31856;178664;1;2021;2021-1;4.6;
Luxembourg;96;557;3843;49765;1;2021;2021-1;3.5;
Malta;635;1363;23742;66239;1;2021;2021-1;0.7;
Moldova;10;13;582;1489;1;2021;2021-1;;
Monaco;401;3438;13931;159804;1;2021;2021-1;;
Montenegro;325;2855;8669;92693;1;2021;2021-1;;
Netherlands;47;267;4821;17900;1;2021;2021-1;2.8;
North Macedonia;116;805;12464;61659;1;2021;2021-1;3.4;
Norway;2171;14337;157881;977571;1;2021;2021-1;3.9;
Poland;121;557;11857;63392;1;2021;2021-1;5.2;
Portugal;8115;37294;192508;1487381;1;2021;2021-1;0.9;
Romania;5566;12789;278565;689890;1;2021;2021-1;4.1;
Russia;2586;21042;84791;731512;1;2021;2021-1;;
San Marino;14631;73619;607949;3868087;1;2021;2021-1;;
Serbia;5;67;532;3025;1;2021;2021-1;4.0;
Slovakia;695;4020;51393;395263;1;2021;2021-1;2.8;
Slovenia;2473;6580;142917;414483;1;2021;2021-1;2.0;
Spain;728;3855;40960;166921;1;2021;2021-1;3.0;
Sweden;2144;12229;112257;574916;1;2021;2021-1;2.7;
Switzerland;4505;25993;235551;2477463;1;2021;2021-1;0.5;
Turkey;4080;22934;149786;1223879;1;2021;2021-1;19.6;
Ukraine;0;0;0;26;1;2021;2021-1;;
United Kingdom;154;1498;8253;60218;1;2021;2021-1;;
Albania;416;1796;29040;107167;2;2021;2021-2;;
Andorra;9;110;952;10889;2;2021;2021-2;;
Armenia;111;3195;5128;172216;2;2021;2021-2;;
Austria;698;8513;44406;455439;2;2021;2021-2;;
Azerbaijan;91;3223;4443;234662;2;2021;2021-2;;
Belarus;956;22098;59428;768664;2;2021;2021-2;;
Belgium;1139;10167;28088;246706;2;2021;2021-2;3.2;
Bosnia And Herzegovina;391;5096;10052;132138;2;2021;2021-2;;
Bulgaria;267;1985;39931;288267;2;2021;2021-2;2.8;
Croatia;556;9235;32312;554840;2;2021;2021-2;2.7;
Cyprus;45;299;3562;34512;2;2021;2021-2;2.3;
Czechia;4163;21033;252995;1241247;2;2021;2021-2;3.3;
Denmark;9939;74065;224215;2445953;2;2021;2021-2;1.9;
Estonia;236;1970;13462;169494;2;2021;2021-2;4.5;
Faroe Islands;8799;75315;295435;3157712;2;2021;2021-2;;
Finland;173;667;22078;71872;2;2021;2021-2;;
France;106;887;12558;57434;2;2021;2021-2;2.1;
Georgia;11931;99106;497414;3647112;2;2021;2021-2;;
Germany;0;1;4;658;2;2021;2021-2;3.2;
Gibraltar;14062;124423;343202;4256391;2;2021;2021-2;;
Greece;326;3520;12567;270918;2;2021;2021-2;0.6;
Guernsey;1;14;282;821;2;2021;2021-2;;
Holy See;16;93;125;4239;2;2021;2021-2;;
Hungary;727;6552;35885;194803;2;2021;2021-2;5.2;
Iceland;499;5526;10547;242966;2;2021;2021-2;3.7;
Ireland;2314;15489;64205;432872;2;2021;2021-2;2.4;
Isle Of Man;0;25;54;486;2;2021;2021-2;;
Italy;893;4352;22855;220156;2;2021;2021-2;1.9;
Jersey;0;29;47;6076;2;2021;2021-2;;
Kosovo;8828;100734;378577;2974323;2;2021;2021-2;;
Latvia;3;69;65;3217;2;2021;2021-2;3.2;
Liechtenstein;2;55;80;2579;2;2021;2021-2;;
Lithuania;314;3522;13925;192589;2;2021;2021-2;4.6;
Luxembourg;85;642;5158;54923;2;2021;2021-2;3.5;
Malta;405;1768;19945;86184;2;2021;2021-2;0.7;
Moldova;11;24;467;1956;2;2021;2021-2;;
Monaco;511;3949;25649;185453;2;2021;2021-2;;
Montenegro;282;3137;10094;102787;2;2021;2021-2;;
Netherlands;48;315;4579;22479;2;2021;2021-2;2.8;
North Macedonia;198;1003;14174;75833;2;2021;2021-2;3.4;
Norway;1479;15816;110169;1087740;2;2021;2021-2;3.9;
Poland;65;622;8723;72115;2;2021;2021-2;5.2;
Portugal;6628;43922;195885;1683266;2;2021;2021-2;0.9;
Romania;3555;16344;90362;780252;2;2021;2021-2;4.1;
Russia;2214;23256;74626;806138;2;2021;2021-2;;
San Marino;12836;86455;389563;4257650;2;2021;2021-2;;
Serbia;7;74;691;3716;2;2021;2021-2;4.0;
Slovakia;423;4443;63996;459259;2;2021;2021-2;2.8;
Slovenia;2672;9252;143837;558320;2;2021;2021-2;2.0;
Spain;317;4172;23504;190425;2;2021;2021-2;3.0;
Sweden;792;13021;91180;666096;2;2021;2021-2;2.7;
Switzerland;2576;28569;224125;2701588;2;2021;2021-2;0.5;
Turkey;3116;26050;128255;1352134;2;2021;2021-2;19.6;
Ukraine;0;0;0;26;2;2021;2021-2;;
United Kingdom;101;1599;9012;69230;2;2021;2021-2;;
Albania;414;2210;16967;124134;3;2021;2021-3;;
Andorra;5;115;961;11850;3;2021;2021-3;;
Armenia;281;3476;18525;190741;3;2021;2021-3;;
Austria;651;9164;77969;533408;3;2021;2021-3;;
Azerbaijan;290;3513;22668;257330;3;2021;2021-3;;
Belarus;708;22806;101011;869675;3;2021;2021-3;;
Belgium;2483;12650;81064;327770;3;2021;2021-3;3.2;
Bosnia And Herzegovina;1232;6328;32793;164931;3;2021;2021-3;;
Bulgaria;234;2219;30414;318681;3;2021;2021-3;2.8;
Croatia;354;9589;39203;594043;3;2021;2021-3;2.7;
Cyprus;26;325;9434;43946;3;2021;2021-3;2.3;
Czechia;5583;26616;277240;1518487;3;2021;2021-3;3.3;
Denmark;4974;79039;338809;2784762;3;2021;2021-3;1.9;
Estonia;53;2023;19224;188718;3;2021;2021-3;4.5;
Faroe Islands;2800;78115;143069;3300781;3;2021;2021-3;;
Finland;276;943;37606;109478;3;2021;2021-3;;
France;122;1009;18129;75563;3;2021;2021-3;2.1;
Georgia;8036;107142;683604;4330716;3;2021;2021-3;;
Germany;0;1;3;661;3;2021;2021-3;3.2;
Gibraltar;2841;127264;156729;4413120;3;2021;2021-3;;
Greece;231;3751;9383;280301;3;2021;2021-3;0.6;
Guernsey;0;14;0;821;3;2021;2021-3;;
Holy See;1;94;34;4273;3;2021;2021-3;;
Hungary;1459;8011;65704;260507;3;2021;2021-3;5.2;
Iceland;367;5893;24249;267215;3;2021;2021-3;3.7;
Ireland;5608;21097;208191;641063;3;2021;2021-3;2.4;
Isle Of Man;1;26;1080;1566;3;2021;2021-3;;
Italy;239;4591;14826;234982;3;2021;2021-3;1.9;
Jersey;0;29;129;6205;3;2021;2021-3;;
Kosovo;10585;111319;593252;3567575;3;2021;2021-3;;
Latvia;0;69;8;3225;3;2021;2021-3;3.2;
Liechtenstein;1;56;88;2667;3;2021;2021-3;;
Lithuania;247;3769;14111;206700;3;2021;2021-3;4.6;
Luxembourg;131;773;6036;60959;3;2021;2021-3;3.5;
Malta;249;2017;14854;101038;3;2021;2021-3;0.7;
Moldova;3;27;303;2259;3;2021;2021-3;;
Monaco;878;4827;41068;226521;3;2021;2021-3;;
Montenegro;538;3675;24151;126938;3;2021;2021-3;;
Netherlands;72;387;6393;28872;3;2021;2021-3;2.8;
North Macedonia;242;1245;14250;90083;3;2021;2021-3;3.4;
Norway;755;16571;163686;1251426;3;2021;2021-3;3.9;
Poland;34;656;22350;94465;3;2021;2021-3;5.2;
Portugal;8154;52076;556066;2239332;3;2021;2021-3;0.9;
Romania;486;16830;25848;806100;3;2021;2021-3;4.1;
Russia;3440;26696;137388;943526;3;2021;2021-3;;
San Marino;11578;98033;270893;4528543;3;2021;2021-3;;
Serbia;5;79;640;4356;3;2021;2021-3;4.0;
Slovakia;747;5190;126247;585506;3;2021;2021-3;2.8;
Slovenia;2278;11530;104370;662690;3;2021;2021-3;2.0;
Spain;186;4358;22702;213127;3;2021;2021-3;3.0;
Sweden;523;13544;127206;793302;3;2021;2021-3;2.7;
Switzerland;2507;31076;506585;3208173;3;2021;2021-3;0.5;
Turkey;6082;32132;300275;1652409;3;2021;2021-3;19.6;
Ukraine;0;0;0;26;3;2021;2021-3;;
United Kingdom;241;1840;18751;87981;3;2021;2021-3;;
Albania;168;2378;6403;130537;4;2021;2021-4;;
Andorra;9;124;1233;13083;4;2021;2021-4;;
Armenia;564;4040;22728;213469;4;2021;2021-4;;
Austria;785;9949;70274;603682;4;2021;2021-4;;
Azerbaijan;889;4402;56482;313812;4;2021;2021-4;;
Belarus;1077;23883;102860;972535;4;2021;2021-4;;
Belgium;3209;15859;69330;397100;4;2021;2021-4;3.2;
Bosnia And Herzegovina;1935;8263;30860;195791;4;2021;2021-4;;
Bulgaria;283;2502;35165;353846;4;2021;2021-4;2.8;
Croatia;326;9915;54804;648847;4;2021;2021-4;2.7;
Cyprus;65;390;17509;61455;4;2021;2021-4;2.3;
Czechia;2813;29429;103555;1622042;4;2021;2021-4;3.3;
Denmark;6062;85101;515326;3300088;4;2021;2021-4;1.9;
Estonia;61;2084;16903;205621;4;2021;2021-4;4.5;
Faroe Islands;2220;80335;220444;3521225;4;2021;2021-4;;
Finland;198;1141;11031;120509;4;2021;2021-4;;
France;120;1129;9268;84831;4;2021;2021-4;2.1;
Georgia;8409;115551;838908;5169624;4;2021;2021-4;;
Germany;0;1;2;663;4;2021;2021-4;3.2;
Gibraltar;697;127961;76439;4489559;4;2021;2021-4;;
Greece;292;4043;23971;304272;4;2021;2021-4;0.6;
Guernsey;0;14;1;822;4;2021;2021-4;;
Holy See;0;94;10;4283;4;2021;2021-4;;
Hungary;2112;10123;81045;341552;4;2021;2021-4;5.2;
Iceland;961;6854;55404;322619;4;2021;2021-4;3.7;
Ireland;5610;26707;130403;771466;4;2021;2021-4;2.4;
Isle Of Man;3;29;21;1587;4;2021;2021-4;;
Italy;115;4706;12008;246990;4;2021;2021-4;1.9;
Jersey;0;29;211;6416;4;2021;2021-4;;
Kosovo;10771;122090;422168;3989743;4;2021;2021-4;;
Latvia;0;69;8;3233;4;2021;2021-4;3.2;
Liechtenstein;1;57;221;2888;4;2021;2021-4;;
Lithuania;290;4059;26154;232854;4;2021;2021-4;4.6;
Luxembourg;57;830;5668;66627;4;2021;2021-4;3.5;
Malta;247;2264;14276;115314;4;2021;2021-4;0.7;
Moldova;5;32;180;2439;4;2021;2021-4;;
Monaco;903;5730;22618;249139;4;2021;2021-4;;
Montenegro;1002;4677;23650;150588;4;2021;2021-4;;
Netherlands;26;413;1299;30171;4;2021;2021-4;2.8;
North Macedonia;220;1465;6577;96660;4;2021;2021-4;3.4;
Norway;582;17153;208745;1460171;4;2021;2021-4;3.9;
Poland;80;736;16894;111359;4;2021;2021-4;5.2;
Portugal;13588;65664;494376;2733708;4;2021;2021-4;0.9;
Romania;122;16952;17221;823321;4;2021;2021-4;4.1;
Russia;4617;31313;105579;1049105;4;2021;2021-4;;
San Marino;10555;108588;242829;4771372;4;2021;2021-4;;
Serbia;11;90;699;5055;4;2021;2021-4;4.0;
Slovakia;1037;6227;94161;679667;4;2021;2021-4;2.8;
Slovenia;1202;12732;44684;707374;4;2021;2021-4;2.0;
Spain;206;4564;24224;237351;4;2021;2021-4;3.0;
Sweden;547;14091;156592;949894;4;2021;2021-4;2.7;
Switzerland;7282;38358;1421796;4629969;4;2021;2021-4;0.5;
Turkey;10386;42518;377924;2030333;4;2021;2021-4;19.6;
Ukraine;0;0;0;26;4;2021;2021-4;;
United Kingdom;289;2129;16061;104042;4;2021;2021-4;;
Albania;72;2450;1772;132309;5;2021;2021-5;;
Andorra;3;127;644;13727;5;2021;2021-5;;
Armenia;398;4438;9201;222670;5;2021;2021-5;;
Austria;445;10394;34610;638292;5;2021;2021-5;;
Azerbaijan;505;4907;20052;333864;5;2021;2021-5;;
Belarus;876;24759;85585;1058120;5;2021;2021-5;;
Belgium;1798;17657;21121;418221;5;2021;2021-5;3.2;
Bosnia And Herzegovina;952;9215;8187;203978;5;2021;2021-5;;
Bulgaria;349;2851;40593;394439;5;2021;2021-5;2.8;
Croatia;290;10205;42789;691636;5;2021;2021-5;2.7;
Cyprus;71;461;10094;71549;5;2021;2021-5;2.3;
Czechia;920;30349;41188;1663230;5;2021;2021-5;3.3;
Denmark;5823;90924;379252;3679340;5;2021;2021-5;1.9;
Estonia;41;2125;30589;236210;5;2021;2021-5;4.5;
Faroe Islands;1737;82072;192848;3714073;5;2021;2021-5;;
Finland;105;1246;8896;129405;5;2021;2021-5;;
France;103;1232;6445;91276;5;2021;2021-5;2.1;
Georgia;6679;122230;489097;5658721;5;2021;2021-5;;
Germany;0;1;55;718;5;2021;2021-5;3.2;
Gibraltar;344;128305;86530;4576089;5;2021;2021-5;;
Greece;730;4773;39691;343963;5;2021;2021-5;0.6;
Guernsey;0;14;1;823;5;2021;2021-5;;
Holy See;0;94;10;4293;5;2021;2021-5;;
Hungary;1978;12101;68492;410044;5;2021;2021-5;5.2;
Iceland;1160;8014;33515;356134;5;2021;2021-5;3.7;
Ireland;1882;28589;33153;804619;5;2021;2021-5;2.4;
Isle Of Man;0;29;6;1593;5;2021;2021-5;;
Italy;51;4757;14796;261786;5;2021;2021-5;1.9;
Jersey;1;30;156;6572;5;2021;2021-5;;
Kosovo;5826;127916;239447;4229190;5;2021;2021-5;;
Latvia;0;69;10;3243;5;2021;2021-5;3.2;
Liechtenstein;1;58;128;3016;5;2021;2021-5;;
Lithuania;294;4353;30562;263416;5;2021;2021-5;4.6;
Luxembourg;41;871;3919;70546;5;2021;2021-5;3.5;
Malta;295;2559;17782;133096;5;2021;2021-5;0.7;
Moldova;0;32;65;2504;5;2021;2021-5;;
Monaco;374;6104;6006;255145;5;2021;2021-5;;
Montenegro;736;5413;4684;155272;5;2021;2021-5;;
Netherlands;6;419;359;30530;5;2021;2021-5;2.8;
North Macedonia;118;1583;2945;99605;5;2021;2021-5;3.4;
Norway;505;17658;186287;1646458;5;2021;2021-5;3.9;
Poland;47;783;14004;125363;5;2021;2021-5;5.2;
Portugal;8384;74048;110428;2844136;5;2021;2021-5;0.9;
Romania;59;17011;18232;841553;5;2021;2021-5;4.1;
Russia;2602;33915;29425;1078530;5;2021;2021-5;;
San Marino;12913;121501;300545;5071917;5;2021;2021-5;;
Serbia;0;90;35;5090;5;2021;2021-5;4.0;
Slovakia;627;6854;32557;712224;5;2021;2021-5;2.8;
Slovenia;472;13204;19879;727253;5;2021;2021-5;2.0;
Spain;150;4714;16462;253813;5;2021;2021-5;3.0;
Sweden;450;14541;121042;1070936;5;2021;2021-5;2.7;
Switzerland;9047;47405;612942;5242911;5;2021;2021-5;0.5;
Turkey;8018;50536;172161;2202494;5;2021;2021-5;19.6;
Ukraine;0;0;0;26;5;2021;2021-5;;
United Kingdom;115;2244;3363;107405;5;2021;2021-5;;
Albania;6;2456;203;132512;6;2021;2021-6;;
Andorra;0;127;155;13882;6;2021;2021-6;;
Armenia;72;4510;2181;224851;6;2021;2021-6;;
Austria;82;10476;5790;644082;6;2021;2021-6;;
Azerbaijan;61;4968;1972;335836;6;2021;2021-6;;
Belarus;198;24957;19748;1077868;6;2021;2021-6;;
Belgium;370;18027;3294;421515;6;2021;2021-6;3.2;
Bosnia And Herzegovina;425;9640;1006;204984;6;2021;2021-6;;
Bulgaria;271;3122;21341;415780;6;2021;2021-6;2.8;
Croatia;84;10289;7983;699619;6;2021;2021-6;2.7;
Cyprus;21;482;2587;74136;6;2021;2021-6;2.3;
Czechia;88;30437;5430;1668660;6;2021;2021-6;3.3;
Denmark;1149;92073;46888;3726228;6;2021;2021-6;1.9;
Estonia;16;2141;11472;247682;6;2021;2021-6;4.5;
Faroe Islands;599;82671;106051;3820124;6;2021;2021-6;;
Finland;16;1262;1439;130844;6;2021;2021-6;;
France;47;1279;2709;93985;6;2021;2021-6;2.1;
Georgia;1588;123818;108552;5767273;6;2021;2021-6;;
Germany;0;1;54;772;6;2021;2021-6;3.2;
Gibraltar;362;128667;286378;4862467;6;2021;2021-6;;
Greece;502;5275;19911;363874;6;2021;2021-6;0.6;
Guernsey;0;14;12;835;6;2021;2021-6;;
Holy See;0;94;52;4345;6;2021;2021-6;;
Hungary;589;12690;18069;428113;6;2021;2021-6;5.2;
Iceland;186;8200;3511;359645;6;2021;2021-6;3.7;
Ireland;192;28781;3504;808123;6;2021;2021-6;2.4;
Isle Of Man;0;29;18;1611;6;2021;2021-6;;
Italy;18;4775;9159;270945;6;2021;2021-6;1.9;
Jersey;0;30;66;6638;6;2021;2021-6;;
Kosovo;1050;128966;40580;4269770;6;2021;2021-6;;
Latvia;0;69;213;3456;6;2021;2021-6;3.2;
Liechtenstein;1;59;21;3037;6;2021;2021-6;;
Lithuania;64;4417;4042;267458;6;2021;2021-6;4.6;
Luxembourg;9;880;846;71392;6;2021;2021-6;3.5;
Malta;124;2683;4112;137208;6;2021;2021-6;0.7;
Moldova;1;33;67;2571;6;2021;2021-6;;
Monaco;80;6184;1414;256559;6;2021;2021-6;;
Montenegro;71;5484;401;155673;6;2021;2021-6;;
Netherlands;1;420;73;30603;6;2021;2021-6;2.8;
North Macedonia;26;1609;585;100190;6;2021;2021-6;3.4;
Norway;102;17760;36413;1682871;6;2021;2021-6;3.9;
Poland;9;792;5609;130972;6;2021;2021-6;5.2;
Portugal;1253;75301;7266;2851402;6;2021;2021-6;0.9;
Romania;63;17074;27124;868677;6;2021;2021-6;4.1;
Russia;348;34263;2934;1081464;6;2021;2021-6;;
San Marino;12392;133893;401024;5472941;6;2021;2021-6;;
Serbia;0;90;2;5092;6;2021;2021-6;4.0;
Slovakia;177;7031;4077;716301;6;2021;2021-6;2.8;
Slovenia;83;13287;3357;730610;6;2021;2021-6;2.0;
Spain;49;4763;3527;257340;6;2021;2021-6;3.0;
Sweden;87;14628;18319;1089255;6;2021;2021-6;2.7;
Switzerland;2171;49576;166116;5409027;6;2021;2021-6;0.5;
Turkey;1759;52295;31787;2234281;6;2021;2021-6;19.6;
Ukraine;0;0;0;26;6;2021;2021-6;;
United Kingdom;14;2258;334;107739;6;2021;2021-6;;
Albania;0;2456;345;132857;7;2021;2021-7;;
Andorra;0;127;695;14577;7;2021;2021-7;;
Armenia;80;4590;4059;228910;7;2021;2021-7;;
Austria;20;10496;6452;650534;7;2021;2021-7;;
Azerbaijan;38;5006;4607;340443;7;2021;2021-7;;
Belarus;48;25005;31512;1109380;7;2021;2021-7;;
Belgium;166;18193;2114;423629;7;2021;2021-7;3.2;
Bosnia And Herzegovina;35;9675;498;205482;7;2021;2021-7;;
Bulgaria;281;3403;25576;441356;7;2021;2021-7;2.8;
Croatia;43;10332;11618;711237;7;2021;2021-7;2.7;
Cyprus;32;514;25964;100100;7;2021;2021-7;2.3;
Czechia;16;30453;5343;1674003;7;2021;2021-7;3.3;
Denmark;287;92360;31717;3757945;7;2021;2021-7;1.9;
Estonia;10;2151;19424;267106;7;2021;2021-7;4.5;
Faroe Islands;733;83404;576892;4397016;7;2021;2021-7;;
Finland;2;1264;1548;132392;7;2021;2021-7;;
France;44;1323;8053;102038;7;2021;2021-7;2.1;
Georgia;645;124463;215317;5982590;7;2021;2021-7;;
Germany;0;1;201;973;7;2021;2021-7;3.2;
Gibraltar;1282;129949;990641;5853108;7;2021;2021-7;;
Greece;439;5714;40149;404023;7;2021;2021-7;0.6;
Guernsey;1;15;94;929;7;2021;2021-7;;
Holy See;0;94;454;4799;7;2021;2021-7;;
Hungary;229;12919;54857;482970;7;2021;2021-7;5.2;
Iceland;45;8245;2969;362614;7;2021;2021-7;3.7;
Ireland;27;28808;1220;809343;7;2021;2021-7;2.4;
Isle Of Man;0;29;2583;4194;7;2021;2021-7;;
Italy;20;4795;22135;293080;7;2021;2021-7;1.9;
Jersey;0;30;659;7297;7;2021;2021-7;;
Kosovo;326;129292;64829;4334599;7;2021;2021-7;;
Latvia;0;69;4403;7859;7;2021;2021-7;3.2;
Liechtenstein;0;59;41;3078;7;2021;2021-7;;
Lithuania;17;4434;2272;269730;7;2021;2021-7;4.6;
Luxembourg;13;893;3235;74627;7;2021;2021-7;3.5;
Malta;30;2713;1271;138479;7;2021;2021-7;0.7;
Moldova;0;33;214;2785;7;2021;2021-7;;
Monaco;59;6243;2065;258624;7;2021;2021-7;;
Montenegro;7;5491;413;156086;7;2021;2021-7;;
Netherlands;1;421;3062;33665;7;2021;2021-7;2.8;
North Macedonia;15;1624;940;101130;7;2021;2021-7;3.4;
Norway;61;17821;159997;1842868;7;2021;2021-7;3.9;
Poland;7;799;5170;136142;7;2021;2021-7;5.2;
Portugal;267;75568;2546;2853948;7;2021;2021-7;0.9;
Romania;218;17292;83287;951964;7;2021;2021-7;4.1;
Russia;67;34330;1737;1083201;7;2021;2021-7;;
San Marino;20708;154601;676839;6149780;7;2021;2021-7;;
Serbia;0;90;24;5116;7;2021;2021-7;4.0;
Slovakia;73;7104;3811;720112;7;2021;2021-7;2.8;
Slovenia;20;13307;996;731606;7;2021;2021-7;2.0;
Spain;10;4773;1414;258754;7;2021;2021-7;3.0;
Sweden;16;14644;7928;1097183;7;2021;2021-7;2.7;
Switzerland;1303;50879;178351;5587378;7;2021;2021-7;0.5;
Turkey;554;52849;14382;2248663;7;2021;2021-7;19.6;
Ukraine;0;0;0;26;7;2021;2021-7;;
United Kingdom;7;2265;278;108017;7;2021;2021-7;;
Albania;36;2492;11990;144847;8;2021;2021-8;;
Andorra;3;130;455;15032;8;2021;2021-8;;
Armenia;240;4830;12701;241611;8;2021;2021-8;;
Austria;55;10551;30320;680854;8;2021;2021-8;;
Azerbaijan;547;5553;77553;417996;8;2021;2021-8;;
Belarus;139;25144;64824;1174204;8;2021;2021-8;;
Belgium;512;18705;27519;451148;8;2021;2021-8;3.2;
Bosnia And Herzegovina;117;9792;7897;213379;8;2021;2021-8;;
Bulgaria;365;3768;39008;480364;8;2021;2021-8;2.8;
Croatia;100;10432;62346;773583;8;2021;2021-8;2.7;
Cyprus;120;634;15278;115378;8;2021;2021-8;2.3;
Czechia;30;30483;6299;1680302;8;2021;2021-8;3.3;
Denmark;477;92837;184062;3942007;8;2021;2021-8;1.9;
Estonia;38;2189;30452;297558;8;2021;2021-8;4.5;
Faroe Islands;3406;86810;488329;4885345;8;2021;2021-8;;
Finland;19;1283;9106;141498;8;2021;2021-8;;
France;98;1421;23246;125284;8;2021;2021-8;2.1;
Georgia;2759;127222;753251;6735841;8;2021;2021-8;;
Germany;1;2;27;1000;8;2021;2021-8;3.2;
Gibraltar;3436;133385;1069710;6922818;8;2021;2021-8;;
Greece;1537;7251;139095;543118;8;2021;2021-8;0.6;
Guernsey;3;18;308;1237;8;2021;2021-8;;
Holy See;3;97;539;5338;8;2021;2021-8;;
Hungary;792;13711;104716;587686;8;2021;2021-8;5.2;
Iceland;80;8325;10570;373184;8;2021;2021-8;3.7;
Ireland;36;28844;2965;812308;8;2021;2021-8;2.4;
Isle Of Man;0;29;2458;6652;8;2021;2021-8;;
Italy;81;4876;54336;347416;8;2021;2021-8;1.9;
Jersey;3;33;3401;10698;8;2021;2021-8;;
Kosovo;1158;130450;216276;4550875;8;2021;2021-8;;
Latvia;8;77;1431;9290;8;2021;2021-8;3.2;
Liechtenstein;0;59;187;3265;8;2021;2021-8;;
Lithuania;219;4653;16825;286555;8;2021;2021-8;4.6;
Luxembourg;7;900;2497;77124;8;2021;2021-8;3.5;
Malta;28;2741;3838;142317;8;2021;2021-8;0.7;
Moldova;2;35;398;3183;8;2021;2021-8;;
Monaco;151;6394;8364;266988;8;2021;2021-8;;
Montenegro;378;5869;19244;175330;8;2021;2021-8;;
Netherlands;19;440;2421;36086;8;2021;2021-8;2.8;
North Macedonia;92;1716;13234;114364;8;2021;2021-8;3.4;
Norway;213;18034;93289;1936157;8;2021;2021-8;3.9;
Poland;15;814;22245;158387;8;2021;2021-8;5.2;
Portugal;106;75674;6201;2860149;8;2021;2021-8;0.9;
Romania;424;17716;84044;1036008;8;2021;2021-8;4.1;
Russia;289;34619;15529;1098730;8;2021;2021-8;;
San Marino;27036;181637;733047;6882827;8;2021;2021-8;;
Serbia;0;90;205;5321;8;2021;2021-8;4.0;
Slovakia;162;7266;37505;757617;8;2021;2021-8;2.8;
Slovenia;24;13331;2906;734512;8;2021;2021-8;2.0;
Spain;21;4794;7987;266741;8;2021;2021-8;3.0;
Sweden;49;14693;27034;1124217;8;2021;2021-8;2.7;
Switzerland;5334;56213;759503;6346881;8;2021;2021-8;0.5;
Turkey;889;53738;36277;2284940;8;2021;2021-8;19.6;
Ukraine;0;0;0;26;8;2021;2021-8;;
United Kingdom;212;2477;35586;143603;8;2021;2021-8;;
Albania;148;2640;23046;167893;9;2021;2021-9;;
Andorra;0;130;157;15189;9;2021;2021-9;;
Armenia;421;5251;16934;258545;9;2021;2021-9;;
Austria;206;10757;50877;731731;9;2021;2021-9;;
Azerbaijan;904;6457;62847;480843;9;2021;2021-9;;
Belarus;181;25325;55643;1229847;9;2021;2021-9;;
Belgium;1744;20449;41217;492365;9;2021;2021-9;3.2;
Bosnia And Herzegovina;716;10508;18858;232237;9;2021;2021-9;;
Bulgaria;334;4102;51785;532149;9;2021;2021-9;2.8;
Croatia;186;10618;59341;832924;9;2021;2021-9;2.7;
Cyprus;45;679;4063;119441;9;2021;2021-9;2.3;
Czechia;36;30519;10706;1691008;9;2021;2021-9;3.3;
Denmark;1450;94287;261501;4203508;9;2021;2021-9;1.9;
Estonia;62;2251;10884;308442;9;2021;2021-9;4.5;
Faroe Islands;1543;88353;89768;4975113;9;2021;2021-9;;
Finland;58;1341;12423;153921;9;2021;2021-9;;
France;94;1515;12664;137948;9;2021;2021-9;2.1;
Georgia;2269;129491;257030;6992871;9;2021;2021-9;;
Germany;0;2;127;1127;9;2021;2021-9;3.2;
Gibraltar;3818;137203;954893;7877711;9;2021;2021-9;;
Greece;1593;8844;64037;607155;9;2021;2021-9;0.6;
Guernsey;1;19;342;1579;9;2021;2021-9;;
Holy See;0;97;176;5514;9;2021;2021-9;;
Hungary;1016;14727;61552;649238;9;2021;2021-9;5.2;
Iceland;270;8595;26700;399884;9;2021;2021-9;3.7;
Ireland;132;28976;9033;821341;9;2021;2021-9;2.4;
Isle Of Man;22;51;803;7455;9;2021;2021-9;;
Italy;162;5038;38195;385611;9;2021;2021-9;1.9;
Jersey;0;33;1014;11712;9;2021;2021-9;;
Kosovo;1528;131978;125876;4676751;9;2021;2021-9;;
Latvia;1;78;698;9988;9;2021;2021-9;3.2;
Liechtenstein;1;60;181;3446;9;2021;2021-9;;
Lithuania;439;5092;27516;314071;9;2021;2021-9;4.6;
Luxembourg;7;907;2462;79586;9;2021;2021-9;3.5;
Malta;138;2879;12467;154784;9;2021;2021-9;0.7;
Moldova;0;35;120;3303;9;2021;2021-9;;
Monaco;301;6695;22037;289025;9;2021;2021-9;;
Montenegro;725;6594;14557;189887;9;2021;2021-9;;
Netherlands;17;457;1001;37087;9;2021;2021-9;2.8;
North Macedonia;179;1895;15284;129648;9;2021;2021-9;3.4;
Norway;143;18177;60007;1996164;9;2021;2021-9;3.9;
Poland;36;850;29009;187396;9;2021;2021-9;5.2;
Portugal;229;75903;15272;2875421;9;2021;2021-9;0.9;
Romania;224;17940;34757;1070765;9;2021;2021-9;4.1;
Russia;2140;36759;105471;1204201;9;2021;2021-9;;
San Marino;22263;203900;538086;7420913;9;2021;2021-9;;
Serbia;1;91;107;5428;9;2021;2021-9;4.0;
Slovakia;785;8051;153449;911066;9;2021;2021-9;2.8;
Slovenia;129;13460;16266;750778;9;2021;2021-9;2.0;
Spain;110;4904;23327;290068;9;2021;2021-9;3.0;
Sweden;168;14861;25769;1149986;9;2021;2021-9;2.7;
Switzerland;6725;62938;666758;7013639;9;2021;2021-9;0.5;
Turkey;1982;55720;110464;2395404;9;2021;2021-9;19.6;
Ukraine;0;0;0;26;9;2021;2021-9;;
United Kingdom;462;2939;16290;159893;9;2021;2021-9;;
Albania;284;2924;17407;185300;10;2021;2021-10;;
Andorra;0;130;327;15516;10;2021;2021-10;;
Armenia;1128;6379;50852;309397;10;2021;2021-10;;
Austria;358;11115;99167;830898;10;2021;2021-10;;
Azerbaijan;617;7074;50527;531370;10;2021;2021-10;;
Belarus;466;25791;145932;1375779;10;2021;2021-10;;
Belgium;3469;23918;108670;601035;10;2021;2021-10;3.2;
Bosnia And Herzegovina;1099;11607;22111;254348;10;2021;2021-10;;
Bulgaria;544;4646;69909;602058;10;2021;2021-10;2.8;
Croatia;199;10817;40486;873410;10;2021;2021-10;2.7;
Cyprus;27;706;4234;123675;10;2021;2021-10;2.3;
Czechia;345;30864;76075;1767083;10;2021;2021-10;3.3;
Denmark;2714;97001;414585;4618093;10;2021;2021-10;1.9;
Estonia;72;2323;32716;341158;10;2021;2021-10;4.5;
Faroe Islands;669;89022;58938;5034051;10;2021;2021-10;;
Finland;190;1531;41481;195402;10;2021;2021-10;;
France;176;1691;19582;157530;10;2021;2021-10;2.1;
Georgia;1222;130713;171630;7164501;10;2021;2021-10;;
Germany;1;3;1085;2212;10;2021;2021-10;3.2;
Gibraltar;4687;141890;1415848;9293559;10;2021;2021-10;;
Greece;1245;10089;114233;721388;10;2021;2021-10;0.6;
Guernsey;1;20;591;2170;10;2021;2021-10;;
Holy See;1;98;478;5992;10;2021;2021-10;;
Hungary;1286;16013;96989;746227;10;2021;2021-10;5.2;
Iceland;625;9220;70457;470341;10;2021;2021-10;3.7;
Ireland;853;29829;53369;874710;10;2021;2021-10;2.4;
Isle Of Man;6;57;2283;9738;10;2021;2021-10;;
Italy;226;5264;62744;448355;10;2021;2021-10;1.9;
Jersey;1;34;2019;13731;10;2021;2021-10;;
Kosovo;1260;133238;114889;4791640;10;2021;2021-10;;
Latvia;2;80;1165;11153;10;2021;2021-10;3.2;
Liechtenstein;1;61;133;3579;10;2021;2021-10;;
Lithuania;983;6075;80323;394394;10;2021;2021-10;4.6;
Luxembourg;8;915;4491;84077;10;2021;2021-10;3.5;
Malta;740;3619;64353;219137;10;2021;2021-10;0.7;
Moldova;1;36;113;3416;10;2021;2021-10;;
Monaco;1095;7790;48743;337768;10;2021;2021-10;;
Montenegro;538;7132;12665;202552;10;2021;2021-10;;
Netherlands;4;461;565;37652;10;2021;2021-10;2.8;
North Macedonia;208;2103;14666;144314;10;2021;2021-10;3.4;
Norway;318;18495;135490;2131654;10;2021;2021-10;3.9;
Poland;50;900;20738;208134;10;2021;2021-10;5.2;
Portugal;1441;77344;126503;3001924;10;2021;2021-10;0.9;
Romania;208;18148;25601;1096366;10;2021;2021-10;4.1;
Russia;12802;49561;455789;1659990;10;2021;2021-10;;
San Marino;34638;238538;1092877;8513790;10;2021;2021-10;;
Serbia;1;92;119;5547;10;2021;2021-10;4.0;
Slovakia;1904;9955;231683;1142749;10;2021;2021-10;2.8;
Slovenia;659;14119;88463;839241;10;2021;2021-10;2.0;
Spain;265;5169;47174;337242;10;2021;2021-10;3.0;
Sweden;173;15034;23541;1173527;10;2021;2021-10;2.7;
Switzerland;7472;70410;995401;8009040;10;2021;2021-10;0.5;
Turkey;12307;68027;540834;2936238;10;2021;2021-10;19.6;
Ukraine;0;0;0;26;10;2021;2021-10;;
United Kingdom;38;2977;874;160767;10;2021;2021-10;;
Albania;165;3089;14255;199555;11;2021;2021-11;;
Andorra;1;131;1599;17115;11;2021;2021-11;;
Armenia;1156;7535;28723;338120;11;2021;2021-11;;
Austria;1110;12225;315287;1146185;11;2021;2021-11;;
Azerbaijan;733;7807;54413;585783;11;2021;2021-11;;
Belarus;906;26697;370322;1746101;11;2021;2021-11;;
Belgium;4125;28043;87593;688628;11;2021;2021-11;3.2;
Bosnia And Herzegovina;948;12555;19871;274219;11;2021;2021-11;;
Bulgaria;421;5067;51265;653323;11;2021;2021-11;2.8;
Croatia;309;11126;132817;1006227;11;2021;2021-11;2.7;
Cyprus;11;717;8531;132206;11;2021;2021-11;2.3;
Czechia;2219;33083;366698;2133781;11;2021;2021-11;3.3;
Denmark;7267;104268;1204053;5822146;11;2021;2021-11;1.9;
Estonia;158;2481;91716;432874;11;2021;2021-11;4.5;
Faroe Islands;584;89606;141340;5175391;11;2021;2021-11;;
Finland;180;1711;16157;211559;11;2021;2021-11;;
France;227;1918;26531;184061;11;2021;2021-11;2.1;
Georgia;1309;132022;437919;7602420;11;2021;2021-11;;
Germany;10;13;1341;3553;11;2021;2021-11;3.2;
Gibraltar;3971;145861;1117300;10410859;11;2021;2021-11;;
Greece;1885;11974;119205;840593;11;2021;2021-11;0.6;
Guernsey;3;23;1762;3932;11;2021;2021-11;;
Holy See;0;98;1187;7179;11;2021;2021-11;;
Hungary;2033;18046;181742;927969;11;2021;2021-11;5.2;
Iceland;1539;10759;132968;603309;11;2021;2021-11;3.7;
Ireland;3769;33598;222089;1096799;11;2021;2021-11;2.4;
Isle Of Man;9;66;1156;10894;11;2021;2021-11;;
Italy;191;5455;116192;564547;11;2021;2021-11;1.9;
Jersey;1;35;4035;17766;11;2021;2021-11;;
Kosovo;1647;134885;249306;5040946;11;2021;2021-11;;
Latvia;1;81;2799;13952;11;2021;2021-11;3.2;
Liechtenstein;0;61;987;4566;11;2021;2021-11;;
Lithuania;1400;7475;116827;511221;11;2021;2021-11;4.6;
Luxembourg;25;940;7384;91461;11;2021;2021-11;3.5;
Malta;849;4468;33274;252411;11;2021;2021-11;0.7;
Moldova;0;36;322;3738;11;2021;2021-11;;
Monaco;1279;9069;24665;362433;11;2021;2021-11;;
Montenegro;415;7547;12457;215009;11;2021;2021-11;;
Netherlands;7;468;1581;39233;11;2021;2021-11;2.8;
North Macedonia;182;2285;12559;156873;11;2021;2021-11;3.4;
Norway;1108;19603;466758;2598412;11;2021;2021-11;3.9;
Poland;150;1050;54845;262979;11;2021;2021-11;5.2;
Portugal;6066;83410;490815;3492739;11;2021;2021-11;0.9;
Romania;276;18424;52076;1148442;11;2021;2021-11;4.1;
Russia;7447;57008;118775;1778765;11;2021;2021-11;;
San Marino;35426;273964;1090443;9604233;11;2021;2021-11;;
Serbia;1;93;432;5979;11;2021;2021-11;4.0;
Slovakia;1633;11588;107644;1250393;11;2021;2021-11;2.8;
Slovenia;1680;15799;221098;1060339;11;2021;2021-11;2.0;
Spain;523;5692;81312;418554;11;2021;2021-11;3.0;
Sweden;109;15143;29887;1203414;11;2021;2021-11;2.7;
Switzerland;5823;76233;715360;8724400;11;2021;2021-11;0.5;
Turkey;17387;85414;491589;3427827;11;2021;2021-11;19.6;
Ukraine;0;0;0;26;11;2021;2021-11;;
United Kingdom;6;2983;316;161083;11;2021;2021-11;;
Albania;77;3166;6222;205777;12;2021;2021-12;;
Andorra;6;137;3947;21062;12;2021;2021-12;;
Armenia;368;7903;5588;343708;12;2021;2021-12;;
Austria;1101;13326;136816;1283001;12;2021;2021-12;;
Azerbaijan;392;8199;24535;610318;12;2021;2021-12;;
Belarus;1283;27980;386309;2132410;12;2021;2021-12;;
Belgium;2940;30983;59556;748184;12;2021;2021-12;3.2;
Bosnia And Herzegovina;633;13188;10914;285133;12;2021;2021-12;;
Bulgaria;332;5399;32139;685462;12;2021;2021-12;2.8;
Croatia;401;11527;163741;1169968;12;2021;2021-12;2.7;
Cyprus;56;773;39152;171358;12;2021;2021-12;2.3;
Czechia;3311;36394;350599;2484380;12;2021;2021-12;3.3;
Denmark;11626;115894;1402502;7224648;12;2021;2021-12;1.9;
Estonia;204;2685;347356;780230;12;2021;2021-12;4.5;
Faroe Islands;2334;91940;1716264;6891655;12;2021;2021-12;;
Finland;140;1851;21390;232949;12;2021;2021-12;;
France;369;2287;98493;282554;12;2021;2021-12;2.1;
Georgia;5258;137280;2675586;10278006;12;2021;2021-12;;
Germany;0;13;1182;4735;12;2021;2021-12;3.2;
Gibraltar;2434;148295;1406294;11817153;12;2021;2021-12;;
Greece;1142;13116;69863;910456;12;2021;2021-12;0.6;
Guernsey;0;23;1885;5817;12;2021;2021-12;;
Holy See;2;100;643;7822;12;2021;2021-12;;
Hungary;2962;21008;355486;1283455;12;2021;2021-12;5.2;
Iceland;1850;12609;117635;720944;12;2021;2021-12;3.7;
Ireland;5038;38636;165560;1262359;12;2021;2021-12;2.4;
Isle Of Man;1;67;2203;13097;12;2021;2021-12;;
Italy;154;5609;207944;772491;12;2021;2021-12;1.9;
Jersey;3;38;13293;31059;12;2021;2021-12;;
Kosovo;4433;139318;1525034;6565980;12;2021;2021-12;;
Latvia;6;87;2535;16487;12;2021;2021-12;3.2;
Liechtenstein;7;68;1672;6238;12;2021;2021-12;;
Lithuania;634;8109;55333;566554;12;2021;2021-12;4.6;
Luxembourg;42;982;17794;109255;12;2021;2021-12;3.5;
Malta;419;4887;24608;277019;12;2021;2021-12;0.7;
Moldova;1;37;685;4423;12;2021;2021-12;;
Monaco;424;9493;9767;372200;12;2021;2021-12;;
Montenegro;268;7815;6276;221285;12;2021;2021-12;;
Netherlands;11;479;15011;54244;12;2021;2021-12;2.8;
North Macedonia;90;2375;4122;160995;12;2021;2021-12;3.4;
Norway;1489;21092;566175;3164587;12;2021;2021-12;3.9;
Poland;255;1305;141366;404345;12;2021;2021-12;5.2;
Portugal;14564;97974;612874;4105613;12;2021;2021-12;0.9;
Romania;575;18999;289381;1437823;12;2021;2021-12;4.1;
Russia;1963;58971;35073;1813838;12;2021;2021-12;;
San Marino;24258;298222;610557;10214790;12;2021;2021-12;;
Serbia;3;96;1181;7160;12;2021;2021-12;4.0;
Slovakia;813;12401;32068;1282461;12;2021;2021-12;2.8;
Slovenia;1817;17616;177312;1237651;12;2021;2021-12;2.0;
Spain;458;6150;49082;467636;12;2021;2021-12;3.0;
Sweden;230;15373;144183;1347597;12;2021;2021-12;2.7;
Switzerland;4011;80244;429809;9154209;12;2021;2021-12;0.5;
Turkey;7848;93262;182860;3610687;12;2021;2021-12;19.6;
Ukraine;0;0;0;26;12;2021;2021-12;;
United Kingdom;6;2989;182;161265;12;2021;2021-12;;
Albania;106;3346;38849;258543;1;2022;2022-1;;
Andorra;4;145;7975;35958;1;2022;2022-1;;
Armenia;49;8053;21814;367795;1;2022;2022-1;;
Austria;305;13631;576584;1859585;1;2022;2022-1;;
Azerbaijan;263;8720;34721;656284;1;2022;2022-1;;
Belarus;328;6052;34022;742953;1;2022;2022-1;;
Belgium;675;28655;1025167;3157577;1;2022;2022-1;;
Bosnia And Herzegovina;842;14447;46993;347467;1;2022;2022-1;;
Bulgaria;2138;33121;191028;939212;1;2022;2022-1;;
Croatia;1168;13777;214771;935715;1;2022;2022-1;;
Cyprus;87;860;82713;254071;1;2022;2022-1;;
Czechia;898;37292;528389;3012769;1;2022;2022-1;;
Denmark;353;3038;851346;1631576;1;2022;2022-1;;
Estonia;93;1944;89520;322469;1;2022;2022-1;;
Faroe Islands;3;18;11169;19099;1;2022;2022-1;;
Finland;464;2751;222256;504810;1;2022;2022-1;;
France;6991;144271;8671632;18949638;1;2022;2022-1;;
Georgia;762;14980;213096;1175923;1;2022;2022-1;;
Germany;3977;119871;2733491;9958139;1;2022;2022-1;;
Gibraltar;0;100;2957;12848;1;2022;2022-1;;
Greece;2518;23526;646943;1930398;1;2022;2022-1;;
Guernsey;2;30;1443;11067;1;2022;2022-1;;
Holy See;0;0;0;26;1;2022;2022-1;;
Hungary;1776;40412;291122;1553481;1;2022;2022-1;;
Iceland;8;46;36425;67484;1;2022;2022-1;;
Ireland;126;5735;399605;1172096;1;2022;2022-1;;
Isle Of Man;3;71;2561;21262;1;2022;2022-1;;
Italy;9193;148511;4522546;11088526;1;2022;2022-1;;
Jersey;11;101;6582;30791;1;2022;2022-1;;
Kosovo;24;3015;43025;205938;1;2022;2022-1;;
Latvia;338;5225;111968;388987;1;2022;2022-1;;
Liechtenstein;5;73;2692;8930;1;2022;2022-1;;
Lithuania;304;8413;177481;744035;1;2022;2022-1;;
Luxembourg;38;1020;60342;169597;1;2022;2022-1;;
Malta;68;547;13298;67542;1;2022;2022-1;;
Moldova;279;10642;60408;440698;1;2022;2022-1;;
Monaco;5;47;2902;8359;1;2022;2022-1;;
Montenegro;122;2564;29496;219775;1;2022;2022-1;;
Netherlands;255;21347;1145564;4310151;1;2022;2022-1;;
North Macedonia;351;8383;34727;268191;1;2022;2022-1;;
Norway;134;1439;374183;778528;1;2022;2022-1;;
Poland;7578;105552;752280;4857893;1;2022;2022-1;;
Portugal;909;19908;1277951;2715774;1;2022;2022-1;;
Romania;1347;60318;412467;2226305;1;2022;2022-1;;
Russia;16745;331349;1194398;11861077;1;2022;2022-1;;
San Marino;6;109;3365;12883;1;2022;2022-1;;
Serbia;658;13570;311851;1662446;1;2022;2022-1;;
Slovakia;447;18063;178279;1415930;1;2022;2022-1;;
Slovenia;309;6459;243405;711041;1;2022;2022-1;;
Spain;5342;97282;3313812;10205467;1;2022;2022-1;;
Sweden;845;16218;811325;2158922;1;2022;2022-1;;
Switzerland;254;12285;664616;2211456;1;2022;2022-1;;
Turkey;3343;87045;1460024;11437585;1;2022;2022-1;;
Ukraine;2878;100203;360053;4064495;1;2022;2022-1;;
Albania;118;3464;12984;271527;2;2022;2022-2;;
Andorra;6;151;2041;37999;2;2022;2022-2;;
Armenia;408;8461;52037;419832;2;2022;2022-2;;
Austria;697;14328;829474;2689059;2;2022;2022-2;;
Azerbaijan;680;9400;129017;785301;2;2022;2022-2;;
Belarus;428;6480;176783;919736;2;2022;2022-2;;
Belgium;1051;29706;395643;3553220;2;2022;2022-2;;
Bosnia And Herzegovina;1012;15459;23735;371202;2;2022;2022-2;;
Bulgaria;2337;35458;148584;1087796;2;2022;2022-2;;
Croatia;1253;15030;118874;1054589;2;2022;2022-2;;
Cyprus;104;964;66353;320424;2;2022;2022-2;;
Czechia;1415;38707;562638;3575407;2;2022;2022-2;;
Denmark;846;3884;842709;2474285;2;2022;2022-2;;
Estonia;195;2139;156929;479398;2;2022;2022-2;;
Faroe Islands;10;28;15138;34237;2;2022;2022-2;;
Finland;615;3366;179048;683858;2;2022;2022-2;;
France;7612;151883;3788320;22737958;2;2022;2022-2;;
Georgia;1183;16163;429549;1605472;2;2022;2022-2;;
Germany;5486;125357;4889422;14847561;2;2022;2022-2;;
Gibraltar;1;101;2580;15428;2;2022;2022-2;;
Greece;2343;25869;478392;2408790;2;2022;2022-2;;
Guernsey;1;31;2436;13503;2;2022;2022-2;;
Holy See;0;0;0;26;2;2022;2022-2;;
Hungary;2545;42957;234144;1787625;2;2022;2022-2;;
Iceland;16;62;54955;122439;2;2022;2022-2;;
Ireland;90;5825;128610;1300706;2;2022;2022-2;;
Isle Of Man;9;80;1484;22746;2;2022;2022-2;;
Italy;7978;156489;1771111;12859637;2;2022;2022-2;;
Jersey;11;112;6708;37499;2;2022;2022-2;;
Kosovo;99;3114;20310;226248;2;2022;2022-2;;
Latvia;459;5684;260515;649502;2;2022;2022-2;;
Liechtenstein;4;77;2959;11889;2;2022;2022-2;;
Lithuania;487;8900;468497;1212532;2;2022;2022-2;;
Luxembourg;74;1094;28554;198151;2;2022;2022-2;;
Malta;57;604;3687;71229;2;2022;2022-2;;
Moldova;574;11216;61102;501800;2;2022;2022-2;;
Monaco;4;51;1052;9411;2;2022;2022-2;;
Montenegro;112;2676;10345;230120;2;2022;2022-2;;
Netherlands;289;21636;2022228;6332379;2;2022;2022-2;;
North Macedonia;618;9001;28890;297081;2;2022;2022-2;;
Norway;159;1598;469100;1247628;2;2022;2022-2;;
Poland;6138;111690;815387;5673280;2;2022;2022-2;;
Portugal;1155;21063;667581;3383355;2;2022;2022-2;;
Romania;3489;63807;508658;2734963;2;2022;2022-2;;
Russia;20311;351660;4536959;16398036;2;2022;2022-2;;
San Marino;3;112;1486;14369;2;2022;2022-2;;
Serbia;1629;15199;245826;1908272;2;2022;2022-2;;
Slovakia;678;18741;490015;1905945;2;2022;2022-2;;
Slovenia;676;7135;181927;892968;2;2022;2022-2;;
Spain;4563;101845;901540;11107007;2;2022;2022-2;;
Sweden;1365;17583;287875;2446797;2;2022;2022-2;;
Switzerland;366;12651;578415;2789871;2;2022;2022-2;;
Turkey;6981;94026;2536913;13974498;2;2022;2022-2;;
Ukraine;5678;105881;767500;4831995;2;2022;2022-2;;
Albania;27;3491;1905;273432;3;2022;2022-3;;
Andorra;2;153;1714;39713;3;2022;2022-3;;
Armenia;149;8610;2636;422468;3;2022;2022-3;;
Austria;1026;15354;1081125;3770184;3;2022;2022-3;;
Azerbaijan;281;9681;6449;791750;3;2022;2022-3;;
Belarus;305;6785;39540;959276;3;2022;2022-3;;
Belgium;545;30251;252353;3805573;3;2022;2022-3;;
Bosnia And Herzegovina;247;15706;3852;375054;3;2022;2022-3;;
Bulgaria;971;36429;45306;1133102;3;2022;2022-3;;
Croatia;490;15520;39463;1094052;3;2022;2022-3;;
Cyprus;72;1036;90349;410773;3;2022;2022-3;;
Czechia;863;39570;211952;3787359;3;2022;2022-3;;
Denmark;717;4601;261872;2736157;3;2022;2022-3;;
Estonia;190;2329;57847;537245;3;2022;2022-3;;
Faroe Islands;0;28;421;34658;3;2022;2022-3;;
Finland;882;4248;199774;883632;3;2022;2022-3;;
France;3639;155522;2283544;25021502;3;2022;2022-3;;
Georgia;557;16720;41073;1646545;3;2022;2022-3;;
Germany;6378;131735;5701832;20549393;3;2022;2022-3;;
Gibraltar;0;101;1282;16710;3;2022;2022-3;;
Greece;1524;27393;529484;2938274;3;2022;2022-3;;
Guernsey;0;31;7282;20785;3;2022;2022-3;;
Holy See;0;0;2;28;3;2022;2022-3;;
Hungary;1278;44235;57036;1844661;3;2022;2022-3;;
Iceland;28;90;57190;179629;3;2022;2022-3;;
Ireland;133;5958;142964;1443670;3;2022;2022-3;;
Isle Of Man;2;82;5021;27767;3;2022;2022-3;;
Italy;4045;160534;1649746;14509383;3;2022;2022-3;;
Jersey;7;119;7647;45146;3;2022;2022-3;;
Kosovo;18;3132;1129;227377;3;2022;2022-3;;
Latvia;439;6123;141116;790618;3;2022;2022-3;;
Liechtenstein;4;81;4105;15994;3;2022;2022-3;;
Lithuania;213;9113;133921;1346453;3;2022;2022-3;;
Luxembourg;68;1162;31883;230034;3;2022;2022-3;;
Malta;27;631;5867;77096;3;2022;2022-3;;
Moldova;201;11417;10802;512602;3;2022;2022-3;;
Monaco;3;54;1119;10530;3;2022;2022-3;;
Montenegro;23;2699;2712;232832;3;2022;2022-3;;
Netherlands;373;22009;1421003;7753382;3;2022;2022-3;;
North Macedonia;207;9208;8033;305114;3;2022;2022-3;;
Norway;741;2339;151694;1399322;3;2022;2022-3;;
Poland;3512;115202;278543;5951823;3;2022;2022-3;;
Portugal;577;21640;328142;3711497;3;2022;2022-3;;
Romania;1249;65056;107854;2842817;3;2022;2022-3;;
Russia;16026;367686;1385807;17783843;3;2022;2022-3;;
San Marino;1;113;812;15181;3;2022;2022-3;;
Serbia;569;15768;62555;1970827;3;2022;2022-3;;
Slovakia;539;19280;272644;2178589;3;2022;2022-3;;
Slovenia;293;7428;65530;958498;3;2022;2022-3;;
Spain;1607;103452;455724;11562731;3;2022;2022-3;;
Sweden;828;18411;38200;2484997;3;2022;2022-3;;
Switzerland;349;13000;664001;3453872;3;2022;2022-3;;
Turkey;3774;97800;826179;14800677;3;2022;2022-3;;
Ukraine;1980;107861;127087;4959082;3;2022;2022-3;;
Albania;5;3496;1396;274828;4;2022;2022-4;;
Andorra;0;153;1300;41013;4;2022;2022-4;;
Armenia;12;8622;357;422825;4;2022;2022-4;;
Austria;698;16052;360765;4130949;4;2022;2022-4;;
Azerbaijan;26;9707;746;792496;4;2022;2022-4;;
Belarus;143;6928;18686;977962;4;2022;2022-4;;
Belgium;619;30870;227193;4032766;4;2022;2022-4;;
Bosnia And Herzegovina;56;15762;1787;376841;4;2022;2022-4;;
Bulgaria;420;36849;19790;1152892;4;2022;2022-4;;
Croatia;262;15782;23676;1117728;4;2022;2022-4;;
Cyprus;92;1128;58690;469463;4;2022;2022-4;;
Czechia;490;40060;105463;3892822;4;2022;2022-4;;
Denmark;499;5100;60064;2796221;4;2022;2022-4;;
Estonia;86;2415;18113;555358;4;2022;2022-4;;
Faroe Islands;0;28;0;34658;4;2022;2022-4;;
Finland;1031;5279;137337;1020969;4;2022;2022-4;;
France;3510;159032;3318505;28340007;4;2022;2022-4;;
Georgia;80;16800;7768;1654313;4;2022;2022-4;;
Germany;5215;136950;3781759;24331152;4;2022;2022-4;;
Gibraltar;1;102;996;17706;4;2022;2022-4;;
Greece;1607;29000;348925;3287199;4;2022;2022-4;;
Guernsey;12;43;3416;24201;4;2022;2022-4;;
Holy See;0;0;0;28;4;2022;2022-4;;
Hungary;730;44965;49698;1894359;4;2022;2022-4;;
Iceland;23;113;6387;186016;4;2022;2022-4;;
Ireland;213;6171;70063;1513733;4;2022;2022-4;;
Isle Of Man;16;98;3899;31666;4;2022;2022-4;;
Italy;4004;164538;1791962;16301345;4;2022;2022-4;;
Jersey;5;124;4429;49575;4;2022;2022-4;;
Kosovo;6;3138;564;227941;4;2022;2022-4;;
Latvia;236;6359;26695;817313;4;2022;2022-4;;
Liechtenstein;0;81;989;16983;4;2022;2022-4;;
Lithuania;61;9174;45950;1392403;4;2022;2022-4;;
Luxembourg;71;1233;27376;257410;4;2022;2022-4;;
Malta;57;688;13496;90592;4;2022;2022-4;;
Moldova;70;11487;4262;516864;4;2022;2022-4;;
Monaco;3;57;1102;11632;4;2022;2022-4;;
Montenegro;14;2713;1928;234760;4;2022;2022-4;;
Netherlands;232;22241;285542;8038924;4;2022;2022-4;;
North Macedonia;68;9276;4094;309208;4;2022;2022-4;;
Norway;532;2871;48947;1448269;4;2022;2022-4;;
Poland;1120;116322;47803;5999626;4;2022;2022-4;;
Portugal;572;22212;266375;3977872;4;2022;2022-4;;
Romania;421;65477;45513;2888330;4;2022;2022-4;;
Russia;7216;374902;353294;18137137;4;2022;2022-4;;
San Marino;1;114;1005;16186;4;2022;2022-4;;
Serbia;188;15956;30827;2001654;4;2022;2022-4;;
Slovakia;146;19426;94771;2273360;4;2022;2022-4;;
Slovenia;223;7651;46456;1004954;4;2022;2022-4;;
Spain;1289;104741;309928;11872659;4;2022;2022-4;;
Sweden;381;18792;14643;2499640;4;2022;2022-4;;
Switzerland;170;13170;148617;3602489;4;2022;2022-4;;
Turkey;876;98676;215593;15016270;4;2022;2022-4;;
Ukraine;465;108326;39211;4998293;4;2022;2022-4;;
Albania;1;3497;1273;276101;5;2022;2022-5;;
Andorra;0;153;1881;42894;5;2022;2022-5;;
Armenia;3;8625;138;422963;5;2022;2022-5;;
Austria;160;16212;142749;4273698;5;2022;2022-5;;
Azerbaijan;6;9713;262;792758;5;2022;2022-5;;
Belarus;50;6978;4905;982867;5;2022;2022-5;;
Belgium;351;31221;113394;4146160;5;2022;2022-5;;
Bosnia And Herzegovina;25;15787;1047;377888;5;2022;2022-5;;
Bulgaria;284;37133;11767;1164659;5;2022;2022-5;;
Croatia;201;15983;18682;1136410;5;2022;2022-5;;
Cyprus;45;1173;11742;481205;5;2022;2022-5;;
Czechia;166;40226;23425;3916247;5;2022;2022-5;;
Denmark;203;5303;22698;2818919;5;2022;2022-5;;
Estonia;33;2448;6475;561833;5;2022;2022-5;;
Faroe Islands;0;28;0;34658;5;2022;2022-5;;
Finland;783;6062;72680;1093649;5;2022;2022-5;;
France;3116;162148;1207570;29547577;5;2022;2022-5;;
Georgia;25;16825;2841;1657154;5;2022;2022-5;;
Germany;2373;139323;1954424;26285576;5;2022;2022-5;;
Gibraltar;0;102;713;18419;5;2022;2022-5;;
Greece;840;29840;160736;3447935;5;2022;2022-5;;
Guernsey;4;47;1378;25579;5;2022;2022-5;;
Holy See;0;0;0;28;5;2022;2022-5;;
Hungary;379;45344;25562;1919921;5;2022;2022-5;;
Iceland;1;114;3452;189468;5;2022;2022-5;;
Ireland;94;6265;24154;1537887;5;2022;2022-5;;
Isle Of Man;8;106;1300;32966;5;2022;2022-5;;
Italy;3514;168052;1232341;17533686;5;2022;2022-5;;
Jersey;5;129;1036;50611;5;2022;2022-5;;
Kosovo;1;3139;412;228353;5;2022;2022-5;;
Latvia;81;6440;8621;825934;5;2022;2022-5;;
Liechtenstein;0;81;358;17341;5;2022;2022-5;;
Lithuania;16;9190;7964;1400367;5;2022;2022-5;;
Luxembourg;43;1276;14963;272373;5;2022;2022-5;;
Malta;33;721;3984;94576;5;2022;2022-5;;
Moldova;34;11521;1929;518793;5;2022;2022-5;;
Monaco;0;57;554;12186;5;2022;2022-5;;
Montenegro;7;2720;2339;237099;5;2022;2022-5;;
Netherlands;83;22324;44685;8083609;5;2022;2022-5;;
North Macedonia;27;9303;2643;311851;5;2022;2022-5;;
Norway;270;3141;17785;1466054;5;2022;2022-5;;
Poland;364;116686;15783;6015409;5;2022;2022-5;;
Portugal;903;23115;701951;4679823;5;2022;2022-5;;
Romania;201;65678;19714;2908044;5;2022;2022-5;;
Russia;4127;379029;190700;18327837;5;2022;2022-5;;
San Marino;1;115;919;17105;5;2022;2022-5;;
Serbia;123;16079;15267;2016921;5;2022;2022-5;;
Slovakia;42;19468;17670;2291030;5;2022;2022-5;;
Slovenia;140;7791;19707;1024661;5;2022;2022-5;;
Spain;2011;106752;530358;12403017;5;2022;2022-5;;
Sweden;189;18981;9074;2508714;5;2022;2022-5;;
Switzerland;89;13259;55057;3657546;5;2022;2022-5;;
Turkey;279;98955;53730;15070000;5;2022;2022-5;;
Ukraine;212;108538;13140;5011433;5;2022;2022-5;;
Albania;0;3497;300;276401;6;2022;2022-6;;
Andorra;0;153;173;43067;6;2022;2022-6;;
Armenia;0;8625;43;423006;6;2022;2022-6;;
Austria;4;16216;19641;4293339;6;2022;2022-6;;
Azerbaijan;0;9713;27;792785;6;2022;2022-6;;
Belarus;0;6978;0;982867;6;2022;2022-6;;
Belgium;39;31260;5946;4152106;6;2022;2022-6;;
Bosnia And Herzegovina;4;15791;110;377998;6;2022;2022-6;;
Bulgaria;30;37163;1148;1165807;6;2022;2022-6;;
Croatia;15;15998;1629;1138039;6;2022;2022-6;;
Czechia;6;40232;1411;3917658;6;2022;2022-6;;
Denmark;26;5329;3372;2822291;6;2022;2022-6;;
Estonia;10;2458;781;562614;6;2022;2022-6;;
Faroe Islands;0;28;0;34658;6;2022;2022-6;;
Finland;2;6064;9244;1102893;6;2022;2022-6;;
France;331;162479;156673;29704250;6;2022;2022-6;;
Georgia;1;16826;575;1657729;6;2022;2022-6;;
Germany;63;139386;211035;26496611;6;2022;2022-6;;
Gibraltar;0;102;141;18560;6;2022;2022-6;;
Greece;90;29930;24964;3472899;6;2022;2022-6;;
Guernsey;0;47;0;25579;6;2022;2022-6;;
Holy See;0;0;0;28;6;2022;2022-6;;
Hungary;10;45354;1646;1921567;6;2022;2022-6;;
Iceland;0;114;1159;190627;6;2022;2022-6;;
Ireland;11;6276;5170;1543057;6;2022;2022-6;;
Isle Of Man;1;107;132;33098;6;2022;2022-6;;
Italy;192;168244;84982;17618668;6;2022;2022-6;;
Jersey;0;129;129;50740;6;2022;2022-6;;
Kosovo;0;3139;44;228397;6;2022;2022-6;;
Latvia;11;6451;1026;826960;6;2022;2022-6;;
Liechtenstein;0;81;96;17437;6;2022;2022-6;;
Lithuania;1;9191;757;1401124;6;2022;2022-6;;
Luxembourg;0;1276;2361;274734;6;2022;2022-6;;
Malta;2;723;631;95207;6;2022;2022-6;;
Moldova;23;11544;208;519001;6;2022;2022-6;;
Monaco;0;57;120;12306;6;2022;2022-6;;
Montenegro;0;2720;435;237534;6;2022;2022-6;;
Netherlands;2;22326;9306;8092915;6;2022;2022-6;;
North Macedonia;6;9309;441;312292;6;2022;2022-6;;
Norway;31;3172;1633;1467687;6;2022;2022-6;;
Poland;36;116722;1427;6016836;6;2022;2022-6;;
Portugal;291;23406;165149;4844972;6;2022;2022-6;;
Romania;9;65687;1978;2910022;6;2022;2022-6;;
Russia;555;379584;27363;18355200;6;2022;2022-6;;
San Marino;0;115;19;17124;6;2022;2022-6;;
Serbia;9;16088;1688;2018609;6;2022;2022-6;;
Slovakia;1;19469;990;2292020;6;2022;2022-6;;
Slovenia;3;7794;1711;1026372;6;2022;2022-6;;
Spain;194;106946;67909;12470926;6;2022;2022-6;;
Sweden;0;18981;651;2509365;6;2022;2022-6;;
Switzerland;91;13350;27732;3685278;6;2022;2022-6;;
Turkey;14;98969;3722;15073722;6;2022;2022-6;;
Ukraine;67;108605;3496;5014929;6;2022;2022-6;;
